demarche,organisme,strate,cadre_declare,qualification,cadre_propose,extrait,date_verification,confiance,temps_minutes,type_source,notes
5292,Departement de la Charente,Collectivités | personne_morale | petit,lacharente.fr (page générique),C,"Code du patrimoine, art. L212-6","""Les collectivités territoriales sont propriétaires de leurs archives. Elles veillent à leur gestion, à leur conservation et à leur mise en valeur… sous le contrôle scientifique et technique de l'administration des archives.""",2026-09-29,élevé,,,"Article ouvert et vérifié, en vigueur depuis 23/02/2022 — fondement générique mais direct de la compétence archives"
5578,DINUM,État central | particulier | petit,,D,"Code général de la fonction publique, art. L430-1 (en vigueur ; droit de demander le télétravail sous réserve de l'accord du chef de service), complété par les art. R431-1 à D433-11 du même code",L'exercice des fonctions en télétravail lui est accordé à sa demande et après accord de son chef de service.,2026-10-01,élevé,15,"Légifrance (code consolidé, art. L430-1) ; service-public.gouv.fr fiche F13974 (textes de référence)","cadre_declare vide à l'origine (D/absent confirmé). Art. L430-1 du CGFP ouvert directement sur Légifrance, vérifié en vigueur (à jour au 01/10/2026, créé par ordonnance n°2021-1574 du 24/11/2021). Base légale générale et pertinente pour une demande individuelle de télétravail d'un agent public. Art. réglementaires R431-1 à D433-11 cités par service-public.gouv.fr mais non ouverts individuellement faute de temps."
6646,Communauté d'Agglomération de La Porte du Hainaut,Autres | particulier | moyen,,D,non trouvé,,2026-10-01,élevé,8,Site institutionnel de l'organisme (agglo-porteduhainaut.fr),"Dispositif de billetterie/inscription culturelle (spectacles scolaires), non réglementé par un texte spécifique. Page institutionnelle ""Scènes Plurielles"" consultée directement : aucune base légale, délibération ou règlement cité, seule mention du dispositif CLÉA (Contrat Local d'Éducation Artistique) avec la DRAC sans référence juridique précise. Démarche close (2019)."
8709,DRJSCS Bretagne,Collectivités | particulier | moyen,JORFTEXT000031535624,B,"Code du sport, art. L221-1 à L221-14 et R221-1 et s. (chapitre Sport de haut niveau)","Loi n°2015-1541 vérifiée, en vigueur, mais porte sur le statut social/juridique des sportifs, pas directement sur l'attribution des aides financières régionales",2026-09-29,moyen,,,Le régime précis des aides personnalisées (arrêtés annuels) n'a pas pu être retrouvé pour la campagne 2018/2019 spécifique
11819,Direction de la citoyenneté et de la légalité,Services déconcentrés | personne_morale | moyen,https://www.legifrance.gouv.fr/,C,"Code général des collectivités territoriales, art. L2334-33 (conditions d'éligibilité à la DETR)","Pour l'application du présent article, sauf mention contraire, la population à prendre en compte est celle définie à l'article L. 2334-2.",2026-10-01,élevé,12,"Légifrance (code consolidé, art. L2334-33) ; collectivites-locales.gouv.fr (page officielle DETR)","cadre_declare = page d'accueil de Légifrance, hors sujet (confirme categorie_niveau1 ""page_accueil_recherche""). Art. L2334-33 CGCT ouvert directement sur Légifrance, vérifié en vigueur au 01/10/2026 (dernière modification 11/08/2025, loi n°2025-797 art.48) ; confirmé comme base légale de la DETR par la page officielle collectivites-locales.gouv.fr. La démarche concerne la campagne DETR 2019 ; l'article existait déjà (objet inchangé depuis, modifications ultérieures de paramètres)."
11925,CAF DU BAS-RHIN,Autres | personne_morale | gros,www.caf.fr,C,"Code de la sécurité sociale, art. L531-5 à L531-9 et D531-1 à D531-24 (complément de libre choix du mode de garde - CMG, dont D531-21 sur les établissements d'accueil de jeunes enfants incluant les micro-crèches)","un établissement d'accueil de jeunes enfants autorisé (tarif horaire ne dépassant pas 10 euros, art. D531-21)",2026-10-01,élevé,12,"Légifrance (code consolidé, sections L531-5 à L531-9 et D531-1 à D531-24) ; service-public.gouv.fr fiche F345","cadre_declare = page d'accueil caf.fr, hors sujet (confirme categorie_niveau1 ""page_accueil_recherche""). Articles ouverts directement sur Légifrance : L531-5/6/8/8-1/9 en vigueur (L531-7 et L531-10 abrogés depuis 2015, non pertinents) ; section D531-1 à D531-24 en vigueur au 01/10/2026, D531-21 couvrant explicitement la garde en établissement autorisé (catégorie incluant les micro-crèches)."
14308,DML 34-30,Collectivités | particulier | petit,legifrance.gouv.fr (page d'accueil),D,non trouvé,—,2026-09-29,faible,,,"Titre ""DDTM34 / DML34 / NPP"" trop cryptique pour être recherché (sigle NPP non identifié) ; démarche à 1 dossier, probablement très spécifique/interne"
14501,CAF DE L ESSONNE,Collectivités | personne_morale | gros, ,D,"Code de la sécurité sociale, art. L531-5 à L531-9 et D531-1 à D531-24 (CMG ; même base légale que la démarche CAF Bas-Rhin n°11925, procédure de télédéclaration des heures de garde)",un établissement d'accueil de jeunes enfants autorisé (art. D531-21),2026-10-01,moyen,6,"Légifrance (réutilisation de la vérification faite pour la démarche 11925, même dispositif CMG) ; service-public.gouv.fr fiche F345","cadre_declare vide/espace (D/absent). Démarche de déclaration des heures par le ""télédéclarant"" (structure d'accueil) pour versement du CMG : même fondement juridique que 11925. Confiance ""moyen"" : la spécificité ""agence comptable / télédéclarant"" n'a pas été vérifiée via un texte dédié (ex. convention Pajemploi/CNAF), faute de source primaire trouvée et ouverte sur ce point précis."
15032,Service d'Appui aux Territoires Ruraux,Services déconcentrés | particulier | moyen,,D,non trouvé,,2026-10-01,faible,20,"Wikipédia (source secondaire uniquement, non confirmée en source primaire) ; tentatives Légifrance/sites préfectoraux infructueuses","cadre_declare vide. Piste identifiée mais NON vérifiée en source primaire : art. R.427-6 du code de l'environnement (espèces susceptibles d'occasionner des dégâts - ESOD) et arrêté ministériel du 02/09/2016 relatif au contrôle par la chasse de certaines espèces non indigènes (ragondin et rat musqué cités), selon l'article Wikipédia ""Espèce nuisible"". Plusieurs tentatives d'ouverture directe sur Légifrance (pages ""pas de contenu disponible"" pour les identifiants testés) et sur des sites préfectoraux (Loiret, Dordogne : délai dépassé/socket hang up, non probant comme preuve de lien mort, cf. règle 4) ont échoué. Conformément à la règle 2, ""non trouvé"" est indiqué faute de vérification directe."
16090,Caf des Pyrénées-Atlantiques,Services déconcentrés | personne_morale | gros,"www.caf.fr (domaine nu, pas un texte)",D,Code sécurité sociale art. L531-5 à L531-9 / D531-1 à D531-24 (CMG) — numéro précis non reconfirmé post-réforme,"art. D531-23 (version expirée 01/09/2025) : ""le complément est versé sur justification des dépenses acquittées au titre d'un mois civil""",2026-09-29,faible,,,"Réforme CMG au 01/09/2025 rend la numérotation actuelle incertaine — périmètre général confirmé, article exact courant non retrouvé"
19374,Ministère de la Culture,État central | personne_morale | moyen,https://www.legifrance.gouv.fr/affichTexte.do?cidTexte=JORFTEXT000038108956,B,"Arrêté du 20 mai 2021 portant application du décret n° 2021-628 du 20 mai 2021 relatif au « pass Culture » (JORFTEXT000043518889, art. 9 et 10)","""désignent un référent financier, chargé notamment de renseigner les coordonnées bancaires"" (art. 9) ; absence de remboursement si coordonnées non fournies dans les deux mois (art. 10)",2026-10-01,élevé,8,Légifrance direct (déclaré + proposé),"Le texte déclaré (arrêté du 5/2/2019, expérimentation pass Culture) est abrogé depuis le 21/05/2021 (mention explicite sur Légifrance) suite à la généralisation du dispositif. Remplacé par l'arrêté du 20/05/2021, vérifié en vigueur au 11/02/2026 sur Légifrance (dernière modification 3/12/2025), dont les art. 9-10 fondent précisément l'objet de la démarche (coordonnées bancaires de remboursement)."
19802,Direction de l'Organisation des Soins,Opérateurs | particulier | gros,https://www.legifrance.gouv.fr/affichCode.do?cidTexte=LEGITEXT000006072665&dateTexte=20190312,B,Arrêté du 12 juillet 2012 relatif à la mise en place d'un traitement de données à caractère personnel dénommé ADELI de gestion de l'enregistrement et des listes départementales de certaines professions et usages de titres professionnels (JORFTEXT000026393379),"""Arrêté du 12 juillet 2012 relatif à la mise en place d'un traitement de données à caractère personnel dénommé ADELI de gestion de l'enregistrement et des listes départementales de certaines professions et usages de titres professionnels"" (titre, art. 1er : création du traitement ADELI pour les professions réglementées par le code de la santé publique hors ordre)",2026-10-01,moyen,10,"Légifrance direct (déclaré, page trop volumineuse pour extraction complète = confirmation qu'il s'agit du code entier) + WebSearch puis Légifrance direct (proposé)","Le lien déclaré pointe vers l'intégralité du Code de la santé publique figé au 12/03/2019 (pas d'article ciblé) : trop général. L'arrêté du 12/7/2012 constitue le texte fondateur précis d'ADELI, vérifié non abrogé sur Légifrance (modifié en 2014, encore visé par un arrêté du 23/9/2022 sur la bascule vers le RPPS). Point de vigilance : ADELI est progressivement supprimé au profit du RPPS (bascule des dernières professions en 2024), ce qui explique l'état 'close' de la démarche ; confiance 'moyen' sur le cadre proposé car son utilité pratique décline même s'il reste juridiquement en vigueur."
24629,Préfecture de Maine-et-Loire,Services déconcentrés | personne_morale | moyen,http://www.maine-et-loire.gouv.fr/securite-routiere-r2072.html,D,non trouvé,,2026-10-01,faible,8,aucune source utile trouvée (lien non rechargeable ; Wayback Machine confirmant seulement l'existence historique de l'URL),"URL cadre_declare inaccessible en direct (socket hang up à deux reprises, pas une erreur 403/404) donc non concluant en soi (règle 4). Vérification croisée : l'API de disponibilité Wayback Machine confirme un snapshot existant (30/03/2023, statut 200), donc pas de preuve de lien mort. Le domaine reste actif aujourd'hui avec une page PDASR restructurée à une autre URL (Actions-de-l-Etat/.../Le-Plan-Departemental-d-Actions-de-Securite-Routiere-PDASR), confirmant la pertinence thématique du site. Mais le nom de l'URL déclarée ('securite-routiere', page générique, catégorisée 'autre_site') suggère une page d'information administrative générale sur le programme, pas un texte juridique (aucune loi/décret/arrêté cité) : qualifié D par prudence. Recherche d'un cadre plus précis (code de la route, circulaire PDASR) non aboutie, budget WebSearch épuisé en session avant d'avoir pu confirmer."
26358,mairie de Ressons-le-Long,Collectivités | personne_morale | moyen,http://www.ressonslelong.com,C,non trouvé,—,2026-09-29,—,,,Lien inaccessible (erreur SSL) ; pas de fondement juridique communal spécifique au-delà du pouvoir général de subvention (CGCT)
27961,Conseil Départemental des Hauts-de-Seine,Collectivités | particulier | moyen,https://www.hauts-de-seine.fr,C,non trouvé,,2026-10-01,élevé,6,page officielle organisme (ouverture directe confirmant qu'il s'agit de la page d'accueil générale),"Ouverture directe confirmée : simple page d'accueil générale du site du Département (menus 'Mon Département', 'Sortir et découvrir', actualités, magazine), sans aucun rapport avec l'EHPAD ou l'aide sociale — correspond à categorie_niveau1 'page_accueil_recherche'. Le fondement probable serait une délibération du Conseil départemental ou le règlement départemental d'aide sociale (RDAS) des Hauts-de-Seine, mais non vérifié : budget de recherche web (WebSearch) épuisé en session avant d'avoir pu le confirmer."
28928,DDTM 80,Services déconcentrés | personne_morale | gros,http://www.somme.gouv.fr/Politiques-publiques/Environnement/Eau-assainissement-et-milieux-aquatiques/Gestion-de-la-ressource-en-eau/Secheresse-et-irrigation,B,non trouvé,,2026-10-01,moyen,7,"aucune ouverture directe (timeout) ; corroboration indirecte via Wayback (existence confirmée) et WebSearch (contenu résumé, non lu directement)","URL cadre_declare inaccessible en direct (socket hang up à deux reprises, pas une erreur 403) donc non concluant en soi (règle 4). Wayback Machine confirme l'existence de la page (snapshot 27/11/2022, statut 200). Une recherche web indépendante retrouve une page actuelle de même intitulé sur somme.gouv.fr (URL restructurée, service DDTM-sécheresse) décrivant la gestion volumétrique de l'eau et les mesures de restriction en période de sécheresse dans la Somme, cohérente avec l'objet de la démarche (besoins prévisionnels irrigation). Contenu non lu directement par moi (seulement via résumé de recherche, insuffisant selon la règle 1 pour citer une référence) donc qualifié B par prudence (page d'information administrative pertinente mais pas un texte juridique précis en soi). Cadre juridique plus précis (arrêté-cadre sécheresse Somme, code de l'environnement art. L211-3 et s.) non confirmé, budget WebSearch/WebFetch épuisé en session avant d'avoir pu vérifier."
31689,"Rectorat, Académie Nancy-Metz, Région Académique Grand Est",Services déconcentrés | particulier | moyen,https://doc.demarches-simplifiees.fr/tutoriels/tutoriel-administrateur#cadre-juridique,D,non trouvé,"""Comment créer sa démarche sur demarche.numerique.gouv.fr ?"" (en-tête de la page de documentation ouverte)",2026-10-01,élevé,4,page officielle (documentation de la plateforme demarches-simplifiees.fr),"Ouverture directe confirmée : la page déclarée comme 'cadre juridique' est en réalité la documentation/tutoriel administrateur de la plateforme demarches-simplifiees.fr elle-même (section expliquant comment renseigner le champ 'cadre juridique' d'une démarche), pas un texte de loi. Cas d'erreur de saisie manifeste de l'administrateur. Recherche d'un cadre plus pertinent (ex. Code de l'éducation sur le parcours d'éducation artistique et culturelle - EAC) non menée en détail, budget de recherche web épuisé en session."
32166,DDTM Ille-et-Vilaine,Services déconcentrés | particulier | petit,legifrance.gouv.fr (page d'accueil),C,non trouvé,—,2026-09-29,—,,,"Dispositif créé par décision conjointe des ministres de l'Agriculture et de l'Intérieur (communiqués de presse trouvés), pas de texte codifié identifié"
35140,Agence de l'eau Seine Normandie,Opérateurs | personne_morale | gros,https://www.legifrance.gouv.fr/affichCodeArticle.do?idArticle=LEGIARTI000033033752&cidTexte=LEGITEXT000006074220&dateTexte=20200417,B,non trouvé,« Dans chaque bassin [...] une agence de l'eau [...] met en œuvre les schémas [...] en favorisant une gestion équilibrée et durable de la ressource en eau et des milieux aquatiques [...] »,2026-10-01,moyen,8,"Légifrance (code consolidé, article)","Article L213-8-1 Code de l'environnement : toujours en vigueur (dernière modif. 20/08/2026) et porte sur la mission générale des agences de l'eau (pertinent). Mais l'URL déclarée (format legacy avec jsessionid et dateTexte=20200417) affiche, à l'ouverture, une version archivée indiquée comme non en vigueur sur la période 10/08/2016-09/12/2020 : lien daté. L'article fonde la mission de l'agence, pas précisément le régime des aides/redevances (L213-9-2 et s.) qui serait la base plus fine pour une 'demande d'aide'. Tentative de vérifier un article plus précis sur les aides non aboutie (ID Légifrance exact introuvable sans moteur de recherche, un essai sur un ID voisin a renvoyé un article sans rapport - L581-33)."
37353,Bureau du Soutien à l'Investissement Territorial (BSIT),Services déconcentrés | personne_morale | moyen,,D,non trouvé,,2026-10-01,élevé,10,"Légifrance (navigation sommaire du code, non concluante)","Champ cadre_declare vide dans la démarche. La DETR repose normalement sur les articles L2334-32 à L2334-39 et R2334-19 et s. du CGCT, mais je n'ai pas pu retrouver ET vérifier l'URL Légifrance exacte de ces articles : navigation pas-à-pas dans le sommaire du CGCT (Dotation forfaitaire -> Dotation d'aménagement -> Dotation nationale de péréquation) sans atteindre la section DETR, et quota WebSearch de la session épuisé pour accélérer la recherche. Conformément à la consigne, pas de référence non vérifiée proposée."
38099,Caf de la Haute-Vienne,Autres | personne_morale | moyen,www.legifrance.gouv.fr,C,non trouvé,Le service public de la diffusion du droit,2026-10-01,élevé,6,Légifrance (page d'accueil),Le champ pointe uniquement vers la page d'accueil générale de Légifrance (confirmé à l'ouverture) : aucun texte identifiable. Pas de base légale spécifique trouvée pour ce dispositif local de subvention d'investissement Caf (probablement une politique d'action sociale interne / convention d'objectifs et de gestion CNAF plutôt qu'un texte codifié unique) ; recherche non aboutie faute de moteur de recherche web disponible (quota épuisé en session).
38613,Banque des Territoires - Groupe Caisse des dépôts,Autres | personne_morale | moyen,https://www.legifrance.gouv.fr/codes/article_lc/LEGIARTI000033288123/,C,non trouvé,"Pour exercer son droit de saisir une administration par voie électronique, toute personne s'identifie auprès de cette administration dans le respect des modalités d'utilisation des téléservices définies en application du deuxième alinéa de l'article L. 112-9.",2026-10-01,élevé,7,"Légifrance (code consolidé, article)","Article R112-9-1 du Code des relations entre le public et l'administration : réel, en vigueur depuis le 07/11/2016, lien fonctionnel. Mais il traite uniquement des modalités générales d'identification pour toute démarche électronique avec une administration, sans rapport avec le dispositif 'Conseiller numérique France Services' (financement d'associations), qui relève de conventions ANCT/Banque des Territoires et non d'un texte codifié spécifique identifié. Hors sujet par rapport à l'objet réel de la démarche."
40497,DDTM 80,Services déconcentrés | personne_morale | moyen,http://www.somme.gouv.fr/Politiques-publiques/Environnement/Eau-assainissement-et-milieux-aquatiques/Gestion-de-la-ressource-en-eau/Secheresse-et-irrigation,D,non trouvé,,2026-10-01,faible,12,"Site de préfecture (page thématique, non juridique)","Page non accessible lors du test : la connexion TLS aboutit avec un certificat valide et à jour (Ministère de l'Intérieur, valable jusqu'au 06/02/2027, CN=www.somme.gouv.fr), mais le serveur renvoie 'empty reply' sur la requête HTTP, y compris sur le domaine racine (testé en HTTP/1.1 et HTTP/2 via curl, et via WebFetch) - ressemble à un blocage anti-bot plutôt qu'à un site mort, donc NON retenu comme preuve de lien mort (cf. consigne sur les délais/erreurs). Indépendamment de l'accessibilité, il s'agit d'une page d'information thématique de préfecture, pas d'un texte juridique en tant que tel ; la vraie base légale serait un arrêté-cadre préfectoral sécheresse / Code de l'environnement (L211-3, R211-66 et s.), non vérifiée faute d'accès à la page citée ou à un moteur de recherche."
40906,Caisse d'Allocations Familiales de Seine-et-Marne,Autres | particulier | moyen,https://www.legifrance.gouv.fr/loda/id/JORFTEXT000000886460/,C,non trouvé,"Loi n° 78-17 du 6 janvier 1978 relative à l'informatique, aux fichiers et aux libertés - en vigueur au 01/10/2026",2026-10-01,élevé,6,"Légifrance (LODA, texte consolidé)","Texte réel, en vigueur, lien fonctionnel - mais il s'agit de la loi Informatique et Libertés (CNIL/RGPD), totalement hors sujet par rapport à l'objet de la démarche (appel à projets 'Ados' financé par la Caf 77, fonds publics et territoires). Probablement une référence RGPD générique insérée par défaut à la place d'une vraie base légale (ex. Code de la sécurité sociale, action sociale familiale), non identifiée faute de moteur de recherche disponible."
44007,Lycée Général et Technologique du Parc Imperial,Autres | particulier | gros,https://www.leparcimperial.fr,C,non trouvé,"""Cité mixte du Parc Impérial à Nice"" — menu : collège, lycée, enseignement supérieur, international, apprentissage, greta (page d'accueil générique, aucun contenu juridique)",2026-10-01,élevé,7,site institutionnel de l'établissement + recherche Légifrance,"Page d'accueil du site de l'établissement, sans mention de texte juridique. Recherche Légifrance sur 'fiche infirmerie'/fiche de renseignements santé scolaire n'a pas identifié de texte codifié unique et précis (sujet traité par protocoles/guides internes, pas par un texte de loi/décret dédié) ; aucune référence plausible non vérifiée retenue."
44256,Rectorat de l'académie de Versailles,Services déconcentrés | particulier | moyen,https://www.education.gouv.fr/bo/20/Hebdo49/MENH2032667N.htm,A,,"""Professeurs et CPE contractuels alternants inscrits en master Meef — Cadre de gestion, recrutement et emploi — NOR : MENH2032667N — Note de service du 27-11-2020 [...] La mise en place d'un parcours en alternance prenant la forme d'un contrat de travail au cours du master Meef, tel que prévu par l'arrêté du 27 août 2013 susvisé""",2026-10-01,moyen,13,"Bulletin officiel de l'Éducation nationale (note de service), consulté via miroir archive.org","www.education.gouv.fr renvoie HTTP 403 (Cloudflare) en accès direct — ce n'est pas une preuve de lien mort ; contenu confirmé réel et identique via web.archive.org (snapshot 2025-04-20). Texte national précis organisant spécifiquement le contrat d'alternance en master MEEF, correspond exactement à l'objet de la démarche. Daté de la campagne 2020-2021 (démarche à l'état 'close') ; une note de service équivalente est vraisemblablement republiée chaque année académique pour les campagnes suivantes, non vérifié ici."
45005,DGE,État central | particulier | moyen,https://bpifrance-creation.fr/fttremplin,D,Arrêté du 28 juillet 2022 relatif à l'approbation du cahier des charges de l'appel à projets « Programme French Tech Tremplin saison 3 - Phase Prépa » (JORFTEXT000046114667),"""Le cahier des charges de l'appel à projets « Programme French Tech Tremplin saison 3 - Phase Prépa » du plan France 2030, relatif à l'action « Adaptation et qualification de la main-d'œuvre », volet « French Tech ticket et diversité », est approuvé.""",2026-10-01,moyen,14,page informative Bpifrance Création (non juridique) via archive.org + Légifrance (arrêté JORF) pour la proposition,"bpifrance-creation.fr renvoie HTTP 403 en accès direct (anti-bot) — non prouvé lien mort ; contenu vérifié via archive.org : page purement descriptive du dispositif (Prépa/Incubation), aucune référence juridique citée dans le texte de la page. Recherche Légifrance : plusieurs arrêtés distincts par 'saison' du programme (2019, 2021, 2022…) ; celui proposé est le plus directement topique (volet Prépa) mais la correspondance exacte avec la campagne précise de cette démarche (500 dossiers, close) n'a pas pu être confirmée — à vérifier si une saison plus proche de la période réelle de la démarche existe."
45021,Direction départementale des territoires de Maine-et-Loire,Services déconcentrés | personne_morale | moyen,https://www.legifrance.gouv.fr/codes/article_lc/LEGIARTI000006840867/,B,"Code de la route, article R411-8 (https://www.legifrance.gouv.fr/codes/article_lc/LEGIARTI000028250948)","""Lorsqu'ils intéressent la police de la circulation sur les voies classées à grande circulation, les arrêtés du président du conseil départemental ou du maire fondés sur le premier alinéa sont pris après avis du préfet."" (art. R411-8, en vigueur depuis le 22/03/2015)",2026-10-01,élevé,12,"Légifrance (code consolidé, articles ouverts individuellement)",L110-3 (déclaré) est bien en vigueur et pertinent mais se limite à définir la notion de 'route à grande circulation' ; il ne fonde pas lui-même l'obligation d'avis du préfet. L'article R411-8 du même code est la disposition qui impose précisément cet avis préalable pour les arrêtés de police de circulation concernant ces voies — correspond exactement à l'objet de la démarche.
46363,LYCEE ETIENNE-JULES MAREY BOULOGNE BILLANCOURT,Autres | particulier | moyen,,D,"Code de l'éducation, article L421-23 (https://www.legifrance.gouv.fr/codes/article_lc/LEGIARTI000043978745)","""Un décret détermine les conditions de fixation des tarifs de restauration scolaire et d'évolution de ceux-ci en fonction du coût, du mode de production des repas et des prestations servies."" (art. L421-23, en vigueur depuis le 25/08/2021)",2026-10-01,moyen,9,Légifrance (code consolidé),"cadre_declare vide. L421-23 est l'article de principe du Code de l'éducation sur la compétence tarifaire de restauration scolaire en EPLE (collèges/lycées) et la gestion de la demi-pension par le chef d'établissement, mais la fixation concrète des tarifs 'au ticket' dépend en pratique d'une délibération de la collectivité de rattachement (ici probablement la région Île-de-France), non vérifiable individuellement pour cette démarche précise."
47852,Préfecture de Meurthe-et-Moselle,Services déconcentrés | particulier | gros,https://www.legifrance.gouv.fr/codes/id/LEGITEXT000006070158/,B,"CESEDA, article R541-1 (https://www.legifrance.gouv.fr/codes/article_lc/LEGIARTI000054215343)","""L'attestation de demande d'asile est renouvelée jusqu'à ce que le droit de rester prenne fin [...]. Le renouvellement de l'attestation de demande d'asile relève du préfet du département dans lequel le demandeur d'asile réside."" (art. R541-1, en vigueur, dernière mise à jour 08/06/2026)",2026-10-01,élevé,10,Légifrance (code consolidé),"cadre_declare renvoie au CESEDA entier (code complet, 'Version en vigueur au 01/10/2026'), ce qui est pertinent mais beaucoup trop général pour qualifier A. R541-1 cible précisément le renouvellement de l'attestation de demande d'asile ('récépissé') par le préfet, correspondant exactement à l'objet de la démarche ; version consultée reflète la recodification liée au Pacte européen sur la migration et l'asile (applicable aux demandes enregistrées depuis le 12/06/2026)."
49507,Agence Régionale de Santé Bretagne,Opérateurs | personne_morale | petit,Art. LEGIARTI000022052072,A,=déclaré,Art. D3111-23 Code de la santé publique (en vigueur du 01/04/2010 au 01/01/2027) : régit la demande d'habilitation adressée au DG ARS pour l'exploitation d'un centre de vaccination — 7 conditions listées,2026-09-29,élevé,,,Vérifié personnellement (le lot initial ne l'avait pas ouvert) — porte exactement sur l'objet de la démarche. Échéance de validité 01/01/2027 à surveiller
50369,Direction de la coordination des politiques publiques et de l'appui territorial,Services déconcentrés | personne_morale | moyen,,D,"Code général des collectivités territoriales, art. L2334-32 à L2334-39 (DETR) et art. L2334-40 à L2334-42 (DSIL)","Il est institué une dotation budgétaire, intitulée dotation d'équipement des territoires ruraux, en faveur des établissements publics de coopération intercommunale à fiscalité propre et des communes répondant aux critères indiqués à l'article L. 2334-33.",2026-10-01,élevé,10,Légifrance direct (WebFetch),"Cadre déclaré vide (démarche DETR+DSIL 2022). L2334-32 (DETR) ouvert et lu intégralement, en vigueur confirmé. L2334-42 (DSIL) ouvert (page section), objet confirmé en vigueur au 01/01/2026, mais sans citation littérale extraite (résumé outil). Le fondement proposé est le socle statutaire général des deux dotations ; l'acte annuel de répartition 2022 (arrêté préfectoral) n'est pas sur Légifrance et n'a pas été recherché."
51317,Ecole Nationale de Ski et d'Alpinisme,Autres | particulier | moyen,https://www.legifrance.gouv.fr/loda/id/JORFTEXT000029205990/,B,Arrêté du 19 décembre 2023 relatif à la formation spécifique du diplôme d'Etat d'alpinisme - guide de haute montagne et activités assimilées (JORFTEXT000048881074),L'arrêté du 16 juin 2014 modifié relatif à la formation spécifique du diplôme d'Etat d'alpinisme-guide de haute montagne est abrogé à compter du 21 juillet 2024.,2026-10-01,élevé,8,Légifrance direct (WebFetch),"Le texte déclaré (arrêté du 16/06/2014) était pertinent au moment du stage (2022) mais est abrogé depuis le 21/07/2024, remplacé par l'arrêté du 19/12/2023 (ouvert et vérifié en vigueur, même objet exact : formation diplôme d'Etat guide de haute montagne)."
51770,Préfecture des Yvelines - Cabinet du préfet,Services déconcentrés | personne_morale | moyen,articleL114-8 du code des relations entre le public et l'administration,C,non trouvé,,2026-10-01,élevé pour la qualification C ; faible pour la piste de cadre_propose (non vérifiée),15,"Légifrance direct (WebFetch) pour la disqualification ; WebSearch seul, non vérifié par lecture directe, pour la piste de remplacement","L114-8 CRPA ouvert et lu : porte sur les échanges de données entre administrations ('dites-le-nous une fois'), sans aucun rapport avec le FIPD ou la vidéoprotection -> hors sujet confirmé. Piste de remplacement identifiée par recherche (Code de la sécurité intérieure, art. R132-4-1 à R132-4-5, fonds interministériel pour la prévention de la délinquance, codifiés par le décret n°2019-1259 du 28/11/2019 pris pour application de l'art. 5 de la loi n°2007-297 du 5 mars 2007) mais NON vérifiée par lecture directe du texte : budget WebFetch et WebSearch de la session épuisés avant d'avoir pu ouvrir cet article. Conformément à la règle de vérification, cadre_propose reste 'non trouvé' plutôt que de citer une référence non lue."
53816,Bureau des finances locales et du contrôle budgétaire,Services déconcentrés | personne_morale | moyen,,D,"Code général des collectivités territoriales, art. L2334-40 à L2334-42 (DSIL)",Section 6 : Dotation de soutien à l'investissement local (Article L2334-42) — en vigueur au 01/01/2026,2026-10-01,moyen,6,Légifrance direct (WebFetch),"Cadre déclaré vide (subvention DSIL 2022, arrondissement de Tulle). Article L2334-42 ouvert via la page de section Légifrance, objet (DSIL) et vigueur confirmés, mais sans citation littérale de l'article lui-même (résumé outil uniquement) d'où confiance moyenne plutôt qu'élevée. L'acte annuel de répartition 2022 n'a pas été recherché."
55808,DDTM64,Opérateurs | particulier | moyen,Arrêté 8 janvier 2001 (JORFTEXT000000587545),A,=déclaré,"Art. 1-3 : conditions d'agrément des établissements d'enseignement de la conduite, dossier au préfet, délivrance pour 5 ans",2026-09-29,moyen,,,"Version affichée est la version initiale, avec renvoi vers version consolidée non revérifiée"
57351,Sous-préfecture de Narbonne,Opérateurs | particulier | petit,legifrance.gouv.fr (page d'accueil),C,Art. R3120-7 Code des transports — legifrance.gouv.fr/codes/section_lc/LEGITEXT000023086525/LEGISCTA000030048393/,"""Le respect de la condition d'aptitude professionnelle… est constaté par la réussite à un examen, propre à chacune des professions du transport public particulier""",2026-09-29,élevé,,,"Vérifié en vigueur, objet exact (examen carte VTC)"
57494,Direction des services judiciaires - Sous-direction des ressources humaines des greffes - Bureau des recrutements et de la formation (RHG4),État central | particulier | moyen,,D,"Décret n°2015-1275 du 13 octobre 2015 portant statut particulier des greffiers des services judiciaires, art. 6 (voies de recrutement dont examen professionnel)",Par voie d'un examen professionnel ouvert aux adjoints administratifs relevant du ministère de la justice,2026-10-01,élevé,10,Légifrance direct (WebFetch),"Cadre déclaré vide. Décret statutaire ouvert et vérifié en vigueur au 01/10/2026, mentionnant explicitement l'examen professionnel de recrutement dans le corps des greffiers. L'arrêté annuel spécifique ouvrant la session 'CenG2022' n'a pas été identifié sur Légifrance ; le cadre proposé est le socle statutaire général, pas l'acte d'ouverture de la session 2022."
57782,Préfecture de la Seine-Maritime,Autres | particulier | gros,https://www.legifrance.gouv.fr/affichCodeArticle.do?idArticle=LEGIARTI000037281212&cidTexte=LEGITEXT000006074220&dateTexte=20180804,B,"Article R424-8 du code de l'environnement, version en vigueur depuis le 31 décembre 2023 (LEGIARTI000048864981)","Du 1er juin au 14 août, la chasse du sanglier ne peut être pratiquée qu'en battue, à l'affût ou à l'approche, après autorisation préfectorale délivrée au détenteur du droit de chasse.",2026-10-01,élevé,10,Légifrance direct (WebFetch),"Lien déclaré en ancien format d'URL Légifrance (affichCodeArticle.do), figé sur la version du R424-8 valable seulement du 04/08/2018 au 31/01/2020, aujourd'hui obsolète. Même article (R424-8), même sujet exact (chasse du sanglier du 1er juin au 14 août), vérifié dans sa version actualisée en vigueur depuis le 31/12/2023, au contenu quasi identique sur ce point précis."
59714,LGT Parc Imperial,Autres | particulier | moyen,https://www.leparcimperial.fr,C,non trouvé,Cité mixte du Parc Impérial à Nice,2026-10-01,élevé,6,site institutionnel (page d'accueil établissement),"Site accessible et vérifié (WebFetch + curl), simple page d'accueil sans aucun contenu juridique ni réglementaire ; confirme la catégorisation automatique 'page_accueil_recherche'. Recherche d'un cadre plus précis (arrêté/code sur l'admission en BTS) infructueuse dans le temps imparti : plusieurs identifiants Légifrance testés en 404."
59765,Lycée Blaise Pascal,Autres | particulier | moyen,https://www.legifrance.gouv.fr/affichCode.do?idSectionTA=LEGISCTA000006182465&cidTexte=LEGITEXT000006071191,C,non trouvé,Sous-section 1 : Contrôle de l'inscription. (Articles R131-1 à D131-4-1),2026-10-01,élevé,14,"Légifrance (code consolidé, page de section)","Lien fonctionnel (accès direct en 403 Cloudflare, non probant d'un lien mort - règle 4 ; confirmé vivant via l'URL légifrance équivalente codes/section_lc/...). Pointe vers le Code de l'éducation, section 'Contrôle de l'inscription' (obligation scolaire primaire/secondaire), sans rapport avec une demande de logement étudiant. Tentative de trouver une base plus adaptée (ex. Code de la construction et de l'habitation, art. L633-1 sur les logements-foyers) non concluante, identifiants testés en 404."
60541,Préfecture de la région Centre-Val de Loire,Services déconcentrés | personne_morale | moyen,Application des instructions du CGCT,B,non trouvé,,2026-10-01,moyen,9,aucune URL à vérifier (texte libre),"Référence non assortie d'un article précis, donc rien à ouvrir/vérifier (pas d'URL). Le CGCT est en soi un code pertinent pour des aides de collectivités, mais la démarche est portée par une préfecture (État) : les aides aux structures de santé regroupées relèvent plutôt de dispositifs FNADT/CPER ou du Code de la santé publique. Recherche d'un article CGCT ou CSP précis infructueuse (plusieurs URLs Légifrance/ARS testées en 404)."
62515,DINSIC,État central | particulier | moyen,a,D,non trouvé,,2026-10-01,élevé,2,n/a,"Démarche de test ('Conditionnel', DINSIC) ; cadre_declare = 'a', valeur manifestement non juridique / champ non renseigné sérieusement. Pas de recherche de cadre alternatif, démarche n'ayant pas d'objet réel vérifiable."
67640,CNC,Opérateurs | personne_morale | moyen,cnc.fr (page d'accueil),C,"probable : RGA du CNC, annexe 2-1 (Code du cinéma et de l'image animée, LEGISCTA000030254471)",non vérifié — lien Légifrance retourné 403 Forbidden,2026-09-29,faible,,,"Candidat identifié par recherche mais jamais ouvert avec succès — ne respecte pas la règle de vérification, signalé non trouvé"
68393,"Rectorat de l'académie de Créteil, Ministère de l'Education Nationale et de la Jeunesse",Services déconcentrés | particulier | moyen,https://www.education.gouv.fr/bo/20/Hebdo36/MENE2025449C.htm,A,"Circulaire n° 2020-128 du 4-9-2020 (NOR MENE2025449C), BOEN n°36 du 24-9-2020, « Renforcement de l'éducation au développement durable » (référence confirmée identique au cadre_declare)",le label E3D (école/établissement en démarche globale de développement durable) a été créé pour valoriser et amplifier l'effort des écoles et des établissements,2026-10-01,moyen,16,"circulaire ministérielle (Bulletin officiel de l'Éducation nationale), vérifiée via capture Wayback Machine (snapshot du 30/01/2026) après 403 Cloudflare en accès direct","Accès direct bloqué par Cloudflare (403) - non probant de lien mort (règle 4). La capture Wayback récente (janvier 2026) confirme que la page est toujours servie en ligne avec le texte intégral de la circulaire NOR MENE2025449C, qui définit et fonde explicitement le label E3D visé par la démarche. Confiance 'moyen' car je n'ai pas pu confirmer par une source tierce que ce texte de 2020 n'a pas été remplacé par un texte plus récent spécifique à la campagne 2023 (recherche complémentaire non menée faute de temps)."
69266,ARS PACA,Autres | personne_morale | moyen,https://www.legifrance.gouv.fr/codes/id/LEGITEXT000006072665/,B,non trouvé,Code de la santé publique - Légifrance,2026-10-01,moyen,11,"Légifrance (identité du code confirmée via archive Wayback 2021 ; accès direct bloqué 403 Cloudflare, non probant - règle 4)","Le code visé (LEGITEXT000006072665) est bien le Code de la santé publique, thématiquement pertinent (partie 'santé et environnement') pour une subvention ARS 'Santé Environnement'. Mais la référence cible le code entier (type_contenu texte_entier_sans_article), sans article précis : trop générale pour fonder juridiquement une subvention particulière. Tentative de trouver un article ou texte plus ciblé (PRSE, missions ARS) infructueuse (page ARS PACA testée en 404)."
70884,Office français de la biodiversité (OFB),Opérateurs | personne_morale | moyen,legifrance.gouv.fr (page d'accueil),C,non trouvé,—,2026-09-29,élevé,,,"Programme d'engagement volontaire (partenariat OFB/MEDEF/LPO), sans texte normatif dédié identifié — D de fait"
70978,Direction des services départemenatux de l'éducation nationale des Hauts-de-Seine - DSDEN 92,État central | particulier | moyen,https://www.legifrance.gouv.fr/codes/section_lc/LEGITEXT000006071191/LEGISCTA000045175564?dateVersion=02%2F03%2F2022&nomCode=&page=1&query=instruction+dans+la+famille&searchField=ALL&tab_selection=code&typeRecherche=date&anchor=LEGISCTA000045175564#LEGISCTA000045175564,A,"Code de l'éducation, art. R131-11 à D131-11-13 (Modalités de délivrance de l'autorisation d'instruction dans la famille) - lien déclaré lui-même",Les personnes responsables d'un enfant qui sollicitent la délivrance de l'autorisation d'instruction dans la famille... adressent leur demande au directeur académique des services de l'éducation nationale du département,2026-10-01,élevé,8,Légifrance direct,"Lien déclaré fonctionnel, ouvert et lu directement : section complète et précise sur l'autorisation d'IEF (R131-11 à D131-11-13), en vigueur (régime issu de la loi séparatisme de 2021, applicable depuis 2022)."
71263,"Agence Régionale de Santé Grand Est, Ministère de la Santé et de la Prévention",État central | personne_morale | moyen,https://www.grand-est.ars.sante.fr/media/105731/download?inline,A,"Instruction n° SHFDS/FSSI/2023/15 du 30 janvier 2023 relative à l'obligation de réaliser des exercices de crise cyber dans les établissements de santé et à leur financement (Ministère de la santé, SGMCAS/SHFDS) - document déclaré lui-même","L'objet de cette instruction est de rappeler l'objectif assigné le 14 décembre 2021 à l'ensemble des établissements de santé, de réaliser des exercices de crise cyber et de préciser les modalités d'un accompagnement financier forfaitaire destiné à la mise en oeuvre de ces exercices de crise.",2026-10-01,élevé,10,Téléchargement direct du PDF + extraction du texte (pdftotext),"WebFetch n'a pas su décoder le PDF (retour binaire) ; téléchargé via curl et extrait en texte avec pdftotext. Le document indique lui-même 'Circulaire / instruction abrogée : Néant' et 'modifiée : Néant' -> toujours en vigueur. Non déposé sur Légifrance (instruction interne non publiée), mais objet directement en lien avec la démarche (continuité d'activité numérique dégradé = exercices PCA NUM / crise cyber mentionnés dans le texte)."
71953,Rectorat Toulouse,Services déconcentrés | particulier | moyen,,D,Arrêté du 2 mars 2020 portant définition et fixant les conditions de délivrance du brevet de technicien supérieur « Management opérationnel de la sécurité » (JORFTEXT000041728741),La définition et les conditions de délivrance du brevet de technicien supérieur « Management opérationnel de la sécurité » sont fixées conformément aux dispositions du présent arrêté. (Article 1),2026-10-01,élevé,7,WebSearch puis Légifrance direct,"Champ cadre juridique vide pour cette démarche d'inscription à l'examen du BTS MOS, session 2023. Arrêté fondateur du diplôme identifié par recherche puis ouvert et vérifié directement sur Légifrance : en vigueur au 01/10/2026, objet exactement concordant."
76385,Lycée Clemenceau - Nantes,Autres | particulier | moyen,https://www.legifrance.gouv.fr/affichCode.do?idSectionTA=LEGISCTA000006166658&cidTexte=LEGITEXT000006071191&dateTexte=20200504,B,"Code de l'éducation, Sous-section 2 : Les classes préparatoires aux grandes écoles, art. D612-19 à D612-29-2",Les classes préparatoires aux grandes écoles sont accessibles aux titulaires du baccalauréat ou d'un titre admis en équivalence (art. D612-19),2026-10-01,élevé,9,Légifrance direct (lien déclaré) puis Légifrance direct (cadre proposé),"Le lien déclaré pointe vers le chapitre général 'Déroulement des études supérieures' (L612-1 à L612-7) via une URL au format obsolète (affichCode.do, figée au 04/05/2020) ; les CPGE n'y sont mentionnées qu'incidemment (art. L612-3 XIII). La sous-section D612-19 à D612-29-2, spécifiquement consacrée à l'admission et au fonctionnement des CPGE, est nettement plus précise et à jour (vérifiée en vigueur)."
78125,Ministère de la Culture,État central | personne_morale | gros,https://www.legifrance.gouv.fr/jorf/id/JORFTEXT000031424688,C,"Loi n° 2000-321 du 12 avril 2000 relative aux droits des citoyens dans leurs relations avec les administrations, art. 9-1 et 10 (régime général des subventions publiques)","L'autorité administrative qui attribue une subvention dépassant un seuil défini par décret doit... conclure une convention avec l'organisme de droit privé qui en bénéficie, définissant l'objet, le montant, les modalités de versement... (art. 10)",2026-10-01,moyen,12,"Légifrance direct (lien déclaré, hors sujet confirmé) puis WebSearch + Légifrance direct (cadre proposé)","Le texte déclaré (décret n° 2015-1404 du 5 novembre 2015) porte sur le droit de saisine électronique de l'administration, sans rapport avec l'aide à la vie culturelle. La loi DCRA du 12 avril 2000 fournit le cadre général des subventions publiques mais reste générique, non spécifique au dispositif 'vie culturelle et politiques territoriales' du ministère de la Culture/DRAC ; aucun texte plus spécifique (arrêté ou instruction annuelle du programme 224) n'a pu être identifié et vérifié dans le temps imparti."
79581,Communauté urbaine d'Arras,Collectivités | particulier | gros,legifrance.gouv.fr (page d'accueil),C,non trouvé (délibération non publiée en ligne) — dispositif réel confirmé sur grandarras.fr/aide-lachat-dun-recuperateur-deau,"""participation à 50% du montant TTC, plafonnée à 100€"" (page officielle, pas un texte juridique)",2026-09-29,faible,,,Dispositif confirmé par 2 sources de presse + page officielle ; aucune délibération n° citée publiquement
80021,LYCEE BAGATELLE,Autres | particulier | moyen,https://www.legifrance.gouv.fr/,C,non trouvé,,2026-10-01,faible,5,aucune source utile trouvée (limite de session WebFetch atteinte),"Lien déclaré = page d'accueil de Légifrance, sans valeur probante (cohérent avec categorie_niveau1='page_accueil_recherche'). Piste repérée par WebSearch uniquement (non vérifiée directement) : code de l'éducation art. R421-5 (contenu du règlement intérieur des EPLE) et L401-3 (présentation du règlement aux familles) pourraient fonder un règlement d'internat, mais la limite de session de l'outil WebFetch atteinte en cours de tâche a empêché toute ouverture et vérification directe du texte sur Légifrance. Conformément à la consigne de ne jamais citer une référence non vérifiée, aucun cadre n'est proposé."
80853,SPIP du Loiret,Services déconcentrés | particulier | moyen,L:\RH\B - PROCEDURES\HABILITATION,D,non trouvé,,2026-10-01,élevé,5,aucune source utile trouvée,"Le cadre déclaré est un chemin de fichier sur un lecteur réseau interne, non accessible publiquement et non juridique. Recherche d'une base légale alternative : le Code du travail art. R4323-56 (autorisation de conduite) a été identifié puis vérifié par recherche comme concernant les équipements de travail mobiles/engins de levage (type chariots élévateurs), pas la conduite de véhicules légers de service — non retenu car hors sujet. Aucun texte publié encadrant spécifiquement l'autorisation annuelle de conduire des véhicules de service en SPIP n'a été trouvé ; il s'agit vraisemblablement d'une note de service / règlement intérieur interne au ministère de la Justice, non publié au JO."
81356,DDETSPP40,Services déconcentrés | personne_morale | moyen,https://www.legifrance.gouv.fr/loda/id/JORFTEXT000018209313?init=true&page=1&query=salmonella+dans+les+troupeaux&searchField=ALL&tab_selection=all,A,Arrêté du 26 février 2008 relatif aux modalités de la participation financière de l'Etat à la lutte contre les infections à Salmonella dans les troupeaux de reproduction de l'espèce Gallus gallus en filière chair (JORFTEXT000018209313),Arrêté du 26 février 2008 relatif aux modalités de la participation financière de l'Etat à la lutte contre les infections à Salmonella dans les troupeaux de reproduction de l'espèce Gallus gallus en filière chair,2026-10-01,élevé,6,Légifrance direct,"Lien ouvert directement sur Légifrance : texte confirmé en vigueur au 01/10/2026. Il encadre à la fois la charte sanitaire volailles (facultative, normes de prévention des infections à Salmonella chez les reproducteurs Gallus gallus) et l'indemnisation étatique associée — correspond exactement à l'objet de la démarche (attestation de charte sanitaire volailles). Classé automatiquement 'texte_entier_sans_article' mais le texte entier est pertinent et suffisamment précis pour fonder la démarche."
82899,PREFECTURE DU VAR,Services déconcentrés | personne_morale | moyen,MENTIONS LEGALES,D,non trouvé,,2026-10-01,élevé,5,aucune source utile trouvée,"Le cadre déclaré est manifestement l'intitulé d'une page de mentions légales de site web, sans rapport avec un texte juridique. Piste explorée : CGCT art. L2334-2 et s. (définition de la population retenue pour le calcul de la DGF) est thématiquement liée mais ne fonde pas spécifiquement la démarche de recensement de données communales ; cette piste n'a été trouvée que par recherche web (résumé), sans vérification par ouverture directe de Légifrance (limite de session des outils atteinte en cours de vérification) — donc non retenue comme cadre_propose validé conformément à la règle de ne jamais citer une référence non ouverte."
83650,Préfecture de la Somme,Services déconcentrés | personne_morale | moyen,Section CGCT R2213-2 à R2213-43 (large),B,"Art. R2213-33 CGCT (en vigueur depuis 12/07/2024, vérifié)","""le préfet peut déroger… pour une durée maximale d'un mois renouvelable"" ; délai maximal 21 jours",2026-09-29,élevé,,,"Article précis trouvé, exactement sur le pouvoir de dérogation du préfet — remplace utilement la section large déclarée"
84265,Ministère de l'éducation nationale,Services déconcentrés | particulier | moyen,https://www.service-public.fr/particuliers/vosdroits/F16548,B,Code de l'éducation art. D312-43 à D312-47-1 ; Code de la route art. R211-1/R211-2 et R221-4 à R221-8 ; Arrêté du 25 mars 2007 relatif à l'organisation et aux modalités de déroulement de l'ASSR ; Arrêté du 20 avril 2012,Code de l'éducation : articles D312-43 à D312-47-1 [...] Code de la route : articles R211-1 à R211-2 [...] Arrêté du 20 avril 2012 [...] Arrêté du 25 mars 2007,2026-10-01,moyen,6,page officielle organisme (service-public.gouv.fr),"Le lien déclaré redirige (301) de service-public.fr vers service-public.gouv.fr ; contenu vérifié directement après redirection. La fiche est à jour et cite plusieurs références légales précises et correctement ciblées sur l'ASSR, mais reste une fiche de vulgarisation (synthèse) et non un texte réglementaire unique et précis — d'où B plutôt que A. Les arrêtés de 2007/2012 cités n'ont pas été ouverts individuellement sur Légifrance pour confirmation de leur état en vigueur (limite de session des outils web atteinte avant d'avoir pu le faire)."
85352,DDTM,Services déconcentrés | personne_morale | moyen,https://draaf.hauts-de-france.agriculture.gouv.fr/,C,Arrêté préfectoral régional du 30 janvier 2025 fixant les modalités du régime d'autorisation de conversion des prairies permanentes à d'autres usages en région Hauts-de-France,l'arrêté du 30 janvier 2025 qui fixe les modalités du régime d'autorisation de conversion des prairies permanentes à d'autres usages au sein de la région Hauts-de-France,2026-10-01,moyen,7,page officielle organisme (DRAAF) puis identification arrêté,"Le cadre déclaré pointe vers la page d'accueil générique du site de la DRAAF Hauts-de-France (confirmé par ouverture directe : menus, actualités, aucun contenu juridique spécifique) — correspond à la catégorie page_accueil_recherche, donc C. Une page plus profonde du même site ('Régime 2026 de conversion des prairies permanentes'), ouverte et vérifiée directement, cite un arrêté préfectoral du 30 janvier 2025 encadrant précisément le retournement/la conversion des prairies permanentes en Hauts-de-France (incluant le Pas-de-Calais). Le PDF de l'arrêté lui-même n'a pas été ouvert (limite de session atteinte) ; la démarche étant close et sans année précisée dans le titre, le millésime de l'arrêté effectivement applicable au moment de son instruction n'est pas garanti identique à celui de 2025 (régime révisé annuellement) — confiance moyenne en conséquence."
91921,DDT,Services déconcentrés | particulier | moyen,https://www.legifrance.gouv.fr/affichCode.do?idSectionTA=LEGISCTA000006176556&cidTexte=LEGITEXT000006074220&dateTexte=20180709,B,non trouvé,"repousser ou détruire, même avec des armes à feu",2026-10-01,moyen,7,Légifrance direct (section citée) puis WebSearch pour piste plus précise (non vérifiée),"Lien déclaré utilisant l'ancienne interface affichCode.do avec un paramètre dateTexte=20180709 (version figée de 2018, format obsolète mais toujours résolu sans erreur HTTP). Ouverture directe confirmée : il pointe vers la Section 2 'Droits des particuliers' du Code de l'environnement (art. L427-8, L427-8-1, L427-9), qui porte sur le droit général des particuliers de détruire les animaux nuisibles (y compris par armes à feu) — thème pertinent mais texte trop général : il ne vise pas précisément le régime d'autorisation administrative individuelle de destruction à tir délivrée par le préfet/la DDT pour une période donnée, qui relève plutôt de l'art. R427-6 (classement des espèces, arrêté ministériel annuel ESOD) et de l'arrêté préfectoral départemental annuel correspondant. Cette piste plus précise (R427-6) a été identifiée par recherche web mais n'a pas pu être vérifiée par ouverture directe sur Légifrance avant d'atteindre la limite de session des outils web (WebFetch/WebSearch) — donc non retenue comme cadre_propose validé, laissé 'non trouvé' conformément à la règle 2."
92490,ÉCOLE DE GENDARMERIE DE ROCHEFORT,Services déconcentrés | particulier | moyen,https://www.legifrance.com,C,"Code de la défense, article L4132-11 (contrat de volontariat dans les armées)","""Les Français et les Françaises peuvent être admis à servir, avec la qualité de militaire, en vertu d'un contrat de volontariat dans les armées. [...] Le contrat de volontariat est renouvelable.""",2026-10-01,élevé (qualification C) / moyen (cadre proposé),6,domaine inexistant (DNS) puis WebSearch + Légifrance direct,"www.legifrance.com (sans .gouv.fr) ne résout pas du tout (erreur DNS ENOTFOUND) : ce n'est pas le vrai Légifrance, lien mort/erroné. L4132-11 (ouvert directement sur legifrance.gouv.fr, en vigueur depuis le 30/03/2007) est le texte générique du volontariat militaire, socle de tout contrat GAV/EGAV. Un texte plus spécifique aux gendarmes adjoints volontaires (ex. décret n°2008-955 du 12/09/2008) a été repéré par recherche mais pas ouvert/lu directement, donc non retenu comme cadre_propose certain."
93006,SDSF Martinique (TZNR),Opérateurs | particulier | petit,cnil.fr/fr/respecter-les-droits-des-personnes,C,"Art. 133, loi n°2022-217 du 21/02/2022 (dite 3DS) — legifrance.gouv.fr/jorf/article_jo/JORFARTI000045197598","""lutter contre le non-recours aux droits sociaux"" / ""détecter les situations dans lesquelles des personnes sont éligibles"" [aux prestations]",2026-09-29,élevé,,,Cadre déclaré = page RGPD générique hors sujet ; texte fondateur de l'expérimentation TZNR vérifié en vigueur
93698,Préfecture de la région d'Île-de-France,Services déconcentrés | personne_morale | moyen,http://circulaire.legifrance.gouv.fr/index.php?action=afficherCirculaire&hit=1&retourAccueil=1&r=40062,B,non trouvé,"""Circulaire relative aux nouvelles relations entre les pouvoirs publics et les associations : déclinaison de la charte des engagements réciproques et soutien public aux associations"" (29/09/2015)",2026-10-01,moyen,5,Légifrance direct (redirection suivie),"Le lien déclaré redirige automatiquement (301) vers https://www.legifrance.gouv.fr/circulaire/id/40062, page toujours active. La circulaire de 2015 traite du cadre général des subventions publiques aux associations : pertinente pour une démarche de subvention mais ne porte pas spécifiquement sur le programme 137 égalité femmes-hommes ni sur la campagne 2024. Recherche d'un texte plus ciblé (guides et pages pratiques des préfectures sur le programme 137) : rien de plus précis identifié et vérifié par ouverture directe -> non trouvé."
96123,Lycée polyvalent Jules Ferry,Autres | particulier | moyen,https://www.legifrance.gouv.fr/affichCode.do?idSectionTA=LEGISCTA000006182465&cidTexte=LEGITEXT000006071191,C,"Code de l'éducation, articles D612-19 à D612-20 (admission en classes préparatoires aux grandes écoles)","""Le ministre chargé de l'enseignement supérieur, d'une part, et le ministre chargé de l'agriculture, d'autre part, définissent respectivement par arrêté les conditions d'admission dans les classes préparatoires aux grandes écoles""",2026-10-01,élevé,6,Légifrance direct,"Le lien déclaré pointe en réalité vers la sous-section ""Contrôle de l'inscription"" (articles R131-1 à D131-4-1), relative à l'obligation scolaire et au contrôle de l'assiduité des enfants soumis à l'instruction obligatoire : hors sujet par rapport à une inscription en CPGE 2e année. Les articles D612-19 à D612-20 (section ""Les classes préparatoires aux grandes écoles"") ont été ouverts et lus directement sur Légifrance et sont bien le cadre pertinent pour l'admission en CPGE."
98229,"Direction Départemental de l'emploi, du travail et des solidarités",Services déconcentrés | personne_morale | moyen,https://sante.gouv.fr/IMG/pdf/instruction_interministerielle_-gestion_sanitaires_vagues_de_chaleurs_en_france-_maj_120623.pdf,B,non trouvé,,2026-10-01,faible,10,lien non ouvrable (protection anti-bot) + WebSearch non confirmé,"Le PDF sante.gouv.fr est protégé par un portail de vérification (Cegedim.cloud, CAPTCHA) qui empêche toute extraction automatique du contenu réel ; conformément à la règle de prudence, ceci n'est pas traité comme un lien mort, juste comme non vérifiable par ce canal. Le nom du fichier (""maj_120623"" = mise à jour du 12/06/2023) et le domaine officiel sante.gouv.fr rendent plausible un contenu pertinent sur la gestion sanitaire des vagues de chaleur, mais probablement daté : plusieurs résultats de recherche indiquent l'existence d'une instruction interministérielle plus récente (n° DGS/CCS/.../2024/70 du 27/05/2024, publiée au BO Santé 2024/11) qui aurait mis à jour le dispositif pour la campagne 2024, mais je n'ai pas réussi à l'ouvrir et lire son contenu directement (sante.gouv.fr renvoie 403 sur cette URL précise, un miroir unccas.org s'est révélé illisible/corrompu à l'extraction, et la limite de session WebFetch a été atteinte avant de pouvoir tenter un 3e canal). Qualification B et cadre_propose ""non trouvé"" posés par prudence faute de vérification directe complète."
98507,"Région Auvergne-Rhône-Alpes, Ministère de la Culture et Ministère de la Santé et de la Prévention",État central | personne_morale | moyen,https://www.auvergne-rhone-alpes.ars.sante.fr/,C,"Convention régionale 2023-2028 ARS / DRAC / Région Auvergne-Rhône-Alpes, cadre du programme ""Culture et Santé"" (citée sur la page officielle ARS ""Programme culture et santé en Auvergne-Rhône-Alpes"")","""piloté par l'ARS, la direction régionale des affaires culturelles (DRAC), la Région Auvergne-Rhône-Alpes"" ; lien vers la ""Convention régionale 2023-2028""",2026-10-01,moyen,7,page officielle organisme (ARS) + WebSearch,"Le lien déclaré est la page d'accueil générale du portail ARS Auvergne-Rhône-Alpes (portail de navigation générique, confirmé par ouverture directe), sans contenu juridique spécifique à l'appel à projets Culture et Santé. La page officielle dédiée ""programme-culture-et-sante-en-auvergne-rhone-alpes"", ouverte directement, cite une Convention régionale 2023-2028 tripartite ARS/DRAC/Région comme cadre de pilotage, cohérente avec l'intitulé de la démarche (appel à projets pluriannuel 2024-2026). Le texte de la convention elle-même n'a pas pu être ouvert (non localisé en accès direct) et la page spécifique ""appel-projets-pluriannuel-culture-et-sante-2024"" a renvoyé une erreur serveur 500 : ce n'est donc pas un texte juridique vérifié dans le détail, mais la meilleure source officielle trouvée et effectivement consultée."
102773,Caisse Primaire d'Assurance Maladie,Autres | particulier | petit,https://www.cnil.fr/,C,Arrêté du 12 août 2019 relatif à l'enregistrement des infirmiers en pratique avancée auprès de l'ordre des infirmiers (JORFTEXT000038914138),"""L'infirmier exerçant en pratique avancée s'enregistre auprès du conseil départemental ou interdépart[emental]..."" (Article 1er)",2026-10-01,moyen,8,Légifrance direct (après recherche de l'identifiant JORFTEXT),"Le lien déclaré est la page d'accueil grand public de la CNIL (protection des données personnelles), sans aucun rapport avec l'installation d'un infirmier en pratique avancée (IPA) : hors sujet. L'arrêté du 12/08/2019 a été ouvert directement sur Légifrance, confirmé en vigueur (au 01/10/2026) et pertinent (il impose l'enregistrement des IPA). Il porte sur l'enregistrement auprès de l'ordre des infirmiers, étape connexe mais non strictement identique à l'installation au ""fichier PS""/assurance maladie visée par la démarche ; un texte encore plus ciblé sur la prise en charge par l'assurance maladie (Décret n°2019-835 du 12/08/2019) a été repéré par recherche mais pas ouvert et lu directement, donc non retenu comme cadre_propose principal par prudence."
103401,"Unité Nature et Forêt, Service Eau et Biodiversité, Direction départementale des Territoires et de Mer du Finistère, Ministère de la Transition Ecologique",Services déconcentrés | particulier | moyen,https://www.loire-atlantique.gouv.fr/contenu/telechargement/59124/432050/file/AP2023_sangliers.pdf,C,non trouvé,,2026-10-01,moyen,7,WebSearch puis échecs répétés de récupération directe (WebFetch: socket hang up x2 ; curl: timeout/empty reply),"Lien déclaré hébergé sur le domaine loire-atlantique.gouv.fr alors que la démarche est portée par la DDTM du Finistère (incohérence de département, probable erreur lors de la création de la démarche). PDF non ouvrable (échecs techniques répétés) donc pas de lecture littérale - selon la règle 4 cela ne suffit pas seul à conclure C, mais une recherche croisée confirme l'existence d'un arrêté préfectoral spécifique au Finistère sur une autre URL (finistere.gouv.fr, elle aussi non ouvrable) et d'un cadre national (arrêté du 29/01/2007 relatif au piégeage des espèces nuisibles, art. L.427-8 code environnement) jamais ouvert faute de quota WebSearch/WebFetch restant - non cité en cadre_propose par prudence (règle 1)."
103592,Préfecture de région Occitanie,Services déconcentrés | particulier | moyen,-,D,non trouvé,,2026-10-01,élevé (champ vide) / faible (recherche d'alternative),3,WebSearch (aucune source utile trouvée),"Champ cadre_declare vide. Intitulé ""Dispositif 3% Occitanie 2025 - Expression des besoins"" trop générique pour identifier un texte précis ; WebSearch n'a renvoyé aucun résultat exploitable avant épuisement du quota de recherche de la session. Aucune piste Légifrance identifiée."
104956,Préfecture du Rhône,Services déconcentrés | particulier | gros,"Code entier (CESEDA, affichCode.do)",B,"Art. L411-1 CESEDA (en vigueur depuis 03/05/2025, vérifié)","""tout étranger âgé de plus de dix-huit ans qui souhaite séjourner en France pour une durée supérieure à trois mois doit être titulaire de l'un des documents de séjour suivants…""",2026-09-29,moyen,,,"Démarche générique (plusieurs motifs) ; L411-1 est le texte-chapeau, pas exhaustif par motif"
105178,"Rectorat de l'académie de Nantes, Ministère de l'Éducation nationale et de la jeunesse",Services déconcentrés | particulier | gros,https://www.legifrance.gouv.fr/codes/texte_lc/LEGITEXT000044416551/2022-03-01,C,non trouvé,Code général de la fonction publique — version en vigueur au 1er mars 2022 (dernière mise à jour 1er octobre 2026),2026-10-01,moyen,5,Légifrance direct (lien ouvert et lu),"Lien ouvert avec succès : il s'agit du Code général de la fonction publique, en vigueur, mais son contenu (statut/droits des agents publics : syndical, égalité pro, discriminations, dialogue social) ne traite pas explicitement du contrôle de la scolarisation. La démarche sert en réalité à justifier le maintien du supplément familial de traitement (SFT) des enseignants du privé pour un enfant de plus de 16 ans, dont les modalités précises relèvent plutôt du décret n°85-1148 du 24/10/1985 - piste identifiée mais NON ouverte/vérifiée (quota de recherche épuisé), donc non retenue en cadre_propose (règles 1 et 2)."
106498,Sous-préfecture de Lodève (Hérault),Opérateurs | particulier | moyen,Art. LEGIARTI000033899705,A,=déclaré,"Art. R511-18 Code de la sécurité intérieure : ""Sur demande motivée du maire… le préfet de département peut accorder une autorisation individuelle"" [de port d'arme]",2026-09-29,élevé,,,"Vérifié en vigueur depuis 30/11/2016, objet exact"
108838,CNRS-IEP-UGA,Autres | particulier | moyen,https://www.legifrance.gouv.fr/,C,non trouvé,"page d'accueil générique de Légifrance (menus de navigation, moteur de recherche, actualités du Journal officiel) — aucun texte juridique identifiable",2026-10-01,élevé,3,Légifrance direct (lien ouvert et lu),"Confirmation directe : le lien pointe vers la page d'accueil de Légifrance, pas vers un texte précis - correspond au cas ""page d'accueil/recherche"" de la grille. La candidature à un laboratoire de sciences sociales (membre associé) relève vraisemblablement d'un règlement intérieur interne (CNRS/IEP/UGA) plutôt que d'un texte légal national ; aucune recherche complémentaire possible (quota WebSearch épuisé)."
110587,CASNAV,Services déconcentrés | particulier | moyen,https://www.legifrance.gouv.fr/affichCode.do?cidTexte=LEGITEXT000006071191,B,non trouvé,Code de l'éducation — Version en vigueur au 01/10/2026,2026-10-01,moyen,5,"Légifrance direct (lien legacy affichCode.do ouvert, redirige vers le code à jour) puis WebSearch","Lien ouvert avec succès : redirige vers le Code de l'éducation dans son intégralité (texte complet, pas d'article précis), toujours en vigueur. Code pertinent au domaine (éducation) mais trop général pour fonder précisément une admission en internat pour élèves allophones/itinérants gérée par un CASNAV. Pistes plus précises trouvées par WebSearch mais non vérifiées par lecture directe (quota épuisé) : circulaires n°2012-141 et n°2012-142 du 02/10/2012 relatives à la scolarisation des EANA et enfants de familles itinérantes - non retenues en cadre_propose (règles 1 et 2)."
110971,DSDEN DE LA LOIRE,Services déconcentrés | particulier | moyen,La présentation de faux document est susceptible de poursuites pénales.,D,non trouvé,La présentation de faux document est susceptible de poursuites pénales.,2026-10-01,élevé,4,"WebSearch (piste identifiée, non vérifiée directement)","Le champ déclaré n'est pas une référence à un texte juridique mais un simple avertissement pénal générique - ne fonde en rien la démarche (D, non juridique). Piste identifiée par WebSearch pour un cadre plus précis : article L213-1 du Code de l'éducation (compétence du conseil départemental pour la carte scolaire des collèges publics / sectorisation) et article D211-11 (motifs de dérogation) - non ouverts/vérifiés directement sur Légifrance (URL devinée en erreur 404, puis quota WebFetch/WebSearch épuisé avant nouvelle tentative). Non retenus en cadre_propose, mentionnés uniquement comme piste (règles 1 et 2)."
112780,"Direction des services départementaux de l'éducation nationale de l'Essonne (DSDEN 91), rectorat de Versailles, Ministère de l'éducation nationale, de la jeunesse, des sports et des jeux olympiques et paralympiques.",Services déconcentrés | particulier | gros,https://www.legifrance.gouv.fr/codes/section_lc/LEGITEXT000006071191/LEGISCTA000045175564?dateVersion=02%2F03%2F2022&nomCode=&page=1&query=instruction+dans+la+famille&searchField=ALL&tab_selection=code&typeRecherche=date&anchor=LEGISCTA000045175564#LEGISCTA000045175564,A,"Code de l'éducation, sous-section 3 bis « Modalités de délivrance de l'autorisation d'instruction dans la famille » (articles R131-11 à D131-11-13) — identique au cadre déclaré","""Modalités de délivrance de l'autorisation d'instruction dans la famille""",2026-10-01,élevé,8,Légifrance direct,"Lien cible précisément la sous-section qui organise toute la procédure d'autorisation d'instruction dans la famille (dépôt entre le 1er mars et le 31 mai, pièces par motif, délais, commission de recours R131-11 à D131-11-13) ; correspond exactement à l'objet de la démarche."
113580,"Service eau, nature et biodiversité - Unité nature, forêt chasse",Services déconcentrés | particulier | moyen,https://www.legifrance.gouv.fr/affichTexte.do?cidTexte=JORFTEXT000025561661&categorieLien=id,B,non trouvé,"""Décret n° 2012-402 du 23 mars 2012 relatif aux espèces d'animaux classés nuisibles"" (art. 8 modifie les dispositions relatives au ""Tir"")",2026-10-01,moyen,12,Légifrance direct puis WebSearch (piste non vérifiée),"Décret en vigueur mais emploie la terminologie ""nuisibles"", remplacée depuis la réforme 2015-2016 par ""espèces susceptibles d'occasionner des dégâts"" (ESOD) ; porte sur la procédure de classement, pas directement sur l'autorisation individuelle saisonnière de destruction à tir/au vol. Piste repérée par WebSearch, non ouverte faute de budget WebFetch restant dans la session : Code de l'environnement, section 2 ""Droits des particuliers"" (articles R427-6 à R427-27), probablement combinée à l'arrêté préfectoral annuel du Morbihan 2025-2026 — à vérifier."
117130,Préfecture de la Guyane,Services déconcentrés | personne_morale | moyen,https://www.legifrance.gouv.fr/eli/arrete/2018/8/21/CPAB1819920A/jo/texte/fr,A,Arrêté du 21 août 2018 pris en application de l'article 3 du décret n° 2018-514 du 25 juin 2018 relatif aux subventions de l'État pour des projets d'investissement — identique au cadre déclaré,"""le représentant légal de chacun des bénéficiaires...atteste sur l'honneur""",2026-10-01,élevé,7,Légifrance direct,"La classification automatique ""page_accueil_recherche"" est erronée : le lien pointe vers le texte intégral de l'arrêté, en vigueur depuis le 1er octobre 2018, qui fixe le contenu type du dossier de demande de subvention d'investissement — fonde directement un dépôt simplifié de demande de subvention."
118722,Lycée LIVET - Nantes,Autres | particulier | moyen,https://www.legifrance.gouv.fr/affichCode.do?idSectionTA=LEGISCTA000006166658&cidTexte=LEGITEXT000006071191&dateTexte=20200504,B,non trouvé,"""Chapitre II : Déroulement des études supérieures (Articles L612-1 à L612-7)""",2026-10-01,moyen,10,Légifrance direct puis WebSearch (piste non vérifiée),"Lien en vigueur mais vise un chapitre général sur le déroulement des études supérieures (sélection, accès en cycles), pas une disposition spécifique à l'inscription administrative en BTS. Piste WebSearch non vérifiée par WebFetch (budget épuisé) : le décret n°95-665 du 9 mai 1995 ""règlement général du BTS"" a été abrogé en 2013 et recodifié au Code de l'éducation, articles D643-1 à D643-35-1 (""Le brevet de technicien supérieur""), référence probablement plus précise — à vérifier."
119022,Conseil Départemental de la Drôme,Collectivités | personne_morale | petit,Décret 2023-608 (services autonomie à domicile),B,non trouvé,art. L233-1 CASF (candidat naturel) constaté ABROGÉ le 15/12/2024 (loi 2024-317) à l'ouverture,2026-09-29,moyen,,,Aucun texte de remplacement identifié en vigueur et précis dans le temps imparti — l'abrogation n'était visible qu'en ouvrant le texte
122136,Rectorat de Toulouse,Services déconcentrés | particulier | moyen,https://www.legifrance.gouv.fr/,C,non trouvé,,2026-10-01,élevé,5,aucune source utile trouvée,"Cadre déclaré = page d'accueil générique de Légifrance, sans valeur probante (confirme la classification automatique ""page_accueil_recherche""). CPLDS = certificat de professionnalisation en matière de lutte contre le décrochage scolaire (confirmé via une page du rectorat de Toulouse trouvée par WebSearch) ; aucun texte réglementaire précis identifié avant épuisement du budget WebSearch/WebFetch de la session."
122812,DGALN/DEB/CASP Police et SD,État central | particulier | moyen,https://www.legifrance.gouv.fr/codes/article_lc/LEGIARTI000046017018,A,"Code de l'environnement, article R214-32 — identique au cadre déclaré","""Toute personne souhaitant réaliser une installation, un ouvrage, des travaux ou une activité soumis à déclaration adresse une déclaration au préfet du département""",2026-10-01,élevé,6,Légifrance direct,"En vigueur depuis le 25 juillet 2022 (décret n°2022-989 du 4 juillet 2022) ; vise précisément la procédure de déclaration IOTA, dont forages et prélèvements — fonde directement l'outil d'aide à la constitution du document d'incidence."
123705,Préfecture du Gard - Ministère de l'Intérieur,Services déconcentrés | personne_morale | moyen,https://www.legifrance.gouv.fr/codes/article_lc/LEGIARTI000051220892/2025-07-08,A,"Article L2336-3 du Code général des collectivités territoriales (version 16/02/2025), inchangé","Avant abondement dans les conditions définies au VII de l'article 186 de la loi n° 2025-127 du 14 février 2025 de finances pour 2025, le Fonds national de péréquation des ressources intercommunales et communales est alimenté par un prélèvement sur les ressources fiscales des ensembles intercommunaux...",2026-10-01,élevé,5,Légifrance direct,"Article ouvert et lu sur Légifrance. Version en vigueur du 16/02/2025 au 01/01/2026, strictement liée à l'exercice FPIC 2025 objet de la démarche (laquelle est close) ; une version ultérieure de l'article existe pour les exercices suivants mais n'est pas celle pertinente ici puisque la démarche porte précisément sur la répartition FPIC 2025."
124473,Caf des Pyrénées Orientales,Autres | personne_morale | moyen,https://www.legifrance.gouv.fr/loda/id/JORFTEXT000044000575/,A,"Arrêté du 31 août 2021 relatif aux modalités de transmission des disponibilités d'accueil des établissements d'accueil du jeune enfant à la CNAF (JORFTEXT000044000575), inchangé",Le gestionnaire d'un établissement ou d'un service [...] communique les disponibilités d'accueil de cet établissement ou de ce service par transmission de données informatisées,2026-10-01,élevé,4,Légifrance direct,"Texte ouvert et lu sur Légifrance, en vigueur, et correspond exactement à l'objet de la démarche (référencement MonEnfant.fr pour micro-crèches PAJE/MAM)."
124924,Chambre de métiers et de l'artisanat Guadeloupe,Opérateurs | personne_morale | moyen,"""inexistant car c'est un test""",D,non trouvé,—,2026-09-29,élevé,,,"Texte saisi confirme lui-même l'absence ; préinscription à un salon commercial, aucun cadre normatif attendu"
124976,DGAFP,État central | personne_morale | moyen,https://www.fonction-publique.gouv.fr/toutes-les-publications/plan-sante-au-travail-dans-la-fonction-publique,C,"Protocole d'accord du 22 octobre 2013 relatif à la prévention des risques psychosociaux dans la fonction publique (DGAFP), publié sur fonction-publique.gouv.fr",Il s'agit aujourd'hui d'aller plus loin. Le présent accord-cadre se fixe pour objectif de donner une impulsion en matière de prévention des risques psychosociaux dans la fonction publique.,2026-10-01,élevé,10,WebSearch puis page officielle organisme (PDF DGAFP lu directement),"Le cadre_declare pointe vers une page existante mais consacrée au Plan santé au travail 2022-2025, qui ne mentionne nulle part l'accord-cadre RPS du 22/10/2013 visé par le titre de la démarche : hors sujet par rapport au fondement réel. Recherche active a permis de retrouver et d'ouvrir le PDF du vrai protocole d'accord du 22/10/2013 (DGAFP, via fonction-publique.gouv.fr), dont le contenu correspond au texte visé. Confiance moyenne sur la nature strictement 'juridique' de ce protocole : c'est un accord collectif signé entre employeurs publics et syndicats, pas une loi/décret publié au Journal officiel ; aucune publication Légifrance identifiée pour ce texte."
125143,"Service de la délégation à la mer et au littoral, Direction Départementale des Territoires et de la Mer de la Gironde",Services déconcentrés | particulier | moyen,https://www.legifrance.gouv.fr/loda/id/JORFTEXT000000358533/,A,"Arrêté du 2 juillet 1992 fixant les conditions de délivrance des autorisations annuelles de pose de filets fixes dans la zone de balancement des marées (JORFTEXT000000358533), inchangé",filets à nappe ou à poche qui ne changent pas de place une fois calés dans la zone de balancement des marées,2026-10-01,élevé,4,Légifrance direct,"Texte ouvert et lu sur Légifrance, en vigueur, correspond exactement à l'objet de la démarche (autorisation annuelle de pose de filet fixe sur l'estran en Gironde)."
125247,"Direction régionale de l'alimentation, de l'agriculture et de la forêt (DRAAF)",Services déconcentrés | personne_morale | moyen,Aide aux investissements portant sur des infrastructures hydrauliques agricoles d'irrigation dans le cadre du plan d'action pour une gestion résiliente et concertée de l'eau - DRAAF Pays de la Loire,D,non trouvé,,2026-10-01,moyen,10,WebSearch puis pages officielles DRAAF Pays de la Loire (aucune source juridique trouvée),"Le cadre_declare est un texte libre descriptif du dispositif, pas une référence juridique. Recherche active sur les pages DRAAF Pays de la Loire consacrées aux appels à projets 'Fonds hydraulique agricole' 2025/2026 : aucun arrêté, décret ou délibération régionale cité comme base juridique ; seules mentions trouvées : le 'plan Eau' national (plan d'action, non un texte normatif) et un 'cahier des charges' administratif de l'appel à projets (document d'application, pas une source juridique)."
125353,Mairie de Castanet-Tolosan,Collectivités | particulier | moyen,"""Délibération n°DEL2025-055 du 24/06/2025"" (texte, pas de lien)",D,non trouvé,—,2026-09-29,—,,,Aucune trace de cette délibération trouvée en ligne ; la page mobilité officielle de la commune ne mentionne ni le Pass Mobilité Castanéen ni cette délibération
125464,Communauté d'Agglomération de Lisieux,État central | personne_morale | moyen,htpps://legifrance.gouv.fr/,C,non trouvé,,2026-10-01,élevé,8,WebSearch (aucune source juridique utile trouvée) ; lien non ouvert directement (limite de session WebFetch atteinte en fin de lot),"Le lien déclaré pointe vers la racine du domaine legifrance.gouv.fr (page d'accueil générale, aucun texte précis), avec de plus une erreur de frappe dans le protocole ('htpps' au lieu de 'https') le rendant techniquement non fonctionnel tel quel ; qualifié C sur la structure de l'URL elle-même (page d'accueil), pas sur un test de lien mort. Recherche active (WebSearch) sur le règlement de subvention aux associations et les délibérations de la Communauté d'Agglomération Lisieux Normandie : aucun règlement ni délibération spécifique identifié en source ouverte, d'où 'non trouvé' plutôt qu'une référence non vérifiée."
127405,Mairie de Beauvais,Collectivités | particulier | moyen,legifrance.gouv.fr (page d'accueil),C,non trouvé,—,2026-09-29,élevé,,,"Appel à projet municipal volontaire (parentalité) ; aucun texte normatif ne semble l'encadrer spécifiquement — D par nature, pas faute de recherche"
128162,Sous-préfecture de l'Haÿ-les-Roses,Services déconcentrés | particulier | moyen,Section CESEDA L421-5/L421-6,B,"Volet entrepreneur/profession libérale : =déclaré (confirmé par fetch). Volet ""certificat de résidence algérien"" : non vérifié",—,2026-09-29,moyen,,,Le déclaré ne couvre qu'une moitié du champ de la démarche — le volet accord franco-algérien de 1968 n'a jamais été cité ni recherché
128607,Préfecture de la Corrèze,Services déconcentrés | personne_morale | petit,Circulaire cir_43149 (PDF),C,"Circulaire du 1er avril 2026 relative aux règles d'emploi en 2026 des dotations d'investissement, FNADT et Fonds vert — legifrance.gouv.fr/circulaire/id/45656","""présente pour 2026 les modalités de gestion par les préfets des principaux instruments financiers de soutien à l'investissement local"", cite explicitement le FNADT",2026-09-29,élevé,,,"Le document déclaré traite en réalité de la DETR, pas du FNADT — repéré uniquement en ouvrant le texte"
129774,CAF des Alpes-Maritimes,Autres | particulier | moyen,"Le cadre général du financement des actions sociales des Caf. Code de l'action sociale et des familles, Article L121-1 à L121-7 et Article R123-1 et suivants, lien https://www.legifrance.gouv.fr/codes/texte_lc/LEGITEXT000006074069/",B,"Code de la sécurité sociale, article L223-1 (fonds d'action sanitaire et sociale de la Cnaf)",De gérer un fonds d'action sanitaire et sociale dans le cadre d'un programme fixé par arrêté ministériel après avis de son conseil d'administration.,2026-10-01,moyen,12,"WebFetch Légifrance direct (CASF L121-1, CASF R123-1, CSS L223-1)","CASF L121-1 vérifié en vigueur (ouvert directement) mais général: compétences du département en action sociale, ne cite les Caf qu'indirectement comme ''organismes de sécurité sociale''. CASF R123-1 vérifié en vigueur mais concerne en réalité les CCAS/CIAS (centres communaux/intercommunaux d'action sociale), PAS les Caf: erreur de qualification dans le cadre_declare. Texte plus pertinent trouvé et vérifié: CSS L223-1 (fonds d'action sanitaire et sociale géré par la Cnaf), en vigueur depuis le 31/12/2025, mais vise la Cnaf nationale et non directement cet appel à projets local; aucun texte Légifrance ne fonde précisément cet AAP ''Valeurs de la République'' (probablement convention d'objectifs et de gestion Cnaf-État / circulaire interne, non vérifiable sur Légifrance)."
130453,"Armée de Terre, ministère des armées",Autres | particulier | moyen,https://www.legifrance.gouv.fr/,C,non trouvé,,2026-10-01,élevé,5,WebSearch (aucune source juridique utile trouvée),"Lien déclaré = simple page d'accueil de Légifrance, aucun contenu spécifique. Il s'agit d'un formulaire de contact/intérêt pour le recrutement (ARG ludique ''Louis Warcell''), pas d'une démarche réglementée au sens strict. Une piste a été trouvée par recherche (arrêté du 22 juin 2001 portant création d'un site internet par la sous-direction recrutement de l'armée de Terre) mais n'a pas pu être ouverte/vérifiée directement (budget WebFetch/WebSearch épuisé en cours de session) et sa portée est de toute façon limitée (création d'un site, pas fondement du recrutement) : non retenue, cadre_propose laissé à ''non trouvé'' conformément à la règle de prudence."
131120,Sous-préfecture du Marin (Martinique),Services déconcentrés | particulier | petit,Art. LEGIARTI000037163923,B,=déclaré (avec réserve de portée),Art. R211-22 Code de la sécurité intérieure : déclaration au maire obligatoire pour manifestations sportives/récréatives/culturelles à but lucratif de plus de 1500 personnes,2026-09-29,moyen,,,"Le titre générique ""manifestations festives"" ne confirme pas que toutes les démarches visées dépassent ce seuil ou sont à but lucratif"
132189,DGE,État central | particulier | moyen,https://www.legifrance.gouv.fr,C,non trouvé,,2026-10-01,élevé,8,"page officielle organisme (entreprises.gouv.fr) + WebSearch, aucune base juridique identifiée","Lien déclaré = page d'accueil Légifrance, sans rapport avec le dispositif. Page officielle entreprises.gouv.fr consultée directement (WebFetch): décrit l'expérimentation ''Made in Local'' (lutte contre la vacance commerciale, mise à disposition de locaux, lancement janvier 2026) mais ne cite aucun texte réglementaire, arrêté ou décret fondateur. Recherche complémentaire restée infructueuse, budget de recherche web épuisé avant d'avoir pu creuser une piste alternative (ex. bulletin officiel DGE/Économie, convention-cadre)."
133800,Lycée Portes de l'Oisans,Autres | particulier | petit,https://www.legifrance.gouv.fr/,C,Décret n° 2023-765 du 11 août 2023 relatif au versement d'une allocation en faveur des lycéens de la voie professionnelle dans le cadre de la valorisation des périodes de formation en milieu professionnel,Les dispositions du présent décret entrent en vigueur le 1er septembre 2023. [Art. 1] une allocation destinée aux lycéens professionnels afin de reconnaître leur engagement dans la réalisation de leur formation et de valoriser leur période de formation en milieu professionnel.,2026-10-01,élevé,7,"WebSearch puis Légifrance (JORFTEXT000047963959, ouvert directement via WebFetch)","Lien déclaré = page d'accueil Légifrance, sans rapport. Décret identifié par recherche puis ouvert et lu directement sur Légifrance (JORFTEXT000047963959): objet exactement conforme au titre de la démarche (allocation PFMP, lycée professionnel, campagne 2025/2026), confirmé en vigueur (entrée en vigueur 01/09/2023, aucune mention d'abrogation). Un arrêté du même jour fixe les montants mais n'a pas été ouvert séparément faute de budget de requêtes restant."
134690,"Préfecture de la Vienne, Ministre de la Transition écologique, de la Biodiversité et des Négociations internationales sur le climat et la nature",Services déconcentrés | personne_morale | petit,https://www.legifrance.gouv.fr/jorf/id/JORFTEXT000000583573,A,"Loi n° 2000-614 du 5 juillet 2000 relative à l'accueil et à l'habitat des gens du voyage, article 1 (schéma départemental d'accueil et d'habitat des gens du voyage)","Page consultée directement sur Légifrance (JORFTEXT000000583573): ''LOI n° 2000-614 du 5 juillet 2000 relative à l'accueil et à l'habitat des gens du voyage'' ; statut affiché ''en vigueur au 01/10/2026'' ; article 1 (schéma départemental) actif, dernière modification 01/01/2021 (ordonnance 2020-1304), aucun article signalé comme abrogé.",2026-10-01,élevé,10,Légifrance direct (WebFetch sur JORFTEXT000000583573),"Lien déclaré pointe directement vers le texte pertinent et exact (loi dite ''Besson II'' sur les gens du voyage), en lien direct avec l'objet de la démarche (révision du schéma d'accueil et d'habitat des gens du voyage). Confirmé en vigueur ce jour par la page Légifrance elle-même. La citation ci-dessus provient du résumé produit par l'outil de récupération à partir du contenu réel de la page (traduction/synthèse automatique); le libellé français exact mot à mot de l'article n'a pas pu être reconfirmé par une seconde requête, budget de recherche web épuisé en cours de session."
135162,Ecole Nationale de Ski et d'Alpinisme,Autres | particulier | moyen,https://www.ensm.sports.gouv.fr/stage-vol-libre-ensa/,D,non trouvé,,2026-10-01,élevé,5,"page officielle organisme (ENSM) + WebSearch, aucune base juridique identifiée","Cadre déclaré = page d'information pratique de l'ENSM sur le stage (contenu pédagogique/organisationnel: niveaux, tarifs, licence FFVL requise), ce n'est pas un texte juridique. Recherche d'un cadre plus précis (ex. statut réglementaire de l'ENSM, dispositions du Code du sport sur les stages/qualifications vol libre) non aboutie: budget WebSearch de la session épuisé (200/200 requêtes atteintes) avant d'avoir pu vérifier une piste solide par ouverture directe d'un texte Légifrance; cadre_propose laissé à ''non trouvé'' conformément à la règle de prudence plutôt que de citer une référence plausible non vérifiée."
135244,Minsitère de l'Intérieur,Services déconcentrés | particulier | moyen,https://www.legifrance.gouv.fr/codes/article_lc/LEGIARTI000043292776?isSuggest=true,B,"CESEDA art. L425-9 (fondement du titre de séjour "" étranger malade "" / carte de séjour vie privée et familiale pour soins)","""L'étranger, résidant habituellement en France, dont l'état de santé nécessite une prise en charge médicale dont le défaut pourrait avoir pour lui des conséquences d'une exceptionnelle gravité...""",2026-10-01,élevé,15,Légifrance direct (déclaré + proposé),"Lien déclaré = art. R431-5 CESEDA, vérifié en vigueur (modifié 24/03/2021), mais c'est un article procédural général sur les délais de dépôt des demandes de titre de séjour (renouvellement entre 120 et 60 jours avant expiration), sans mention spécifique de l'étranger malade. Art. L425-9 CESEDA (en vigueur depuis 01/05/2021) vérifié comme fondement substantiel réel de la procédure étranger malade. Aucun 403/timeout rencontré."
136436,Préfecture du Var,Services déconcentrés | personne_morale | petit,www.msrvar.fr/agir/,C,non trouvé,—,2026-09-29,—,,,"Le PDASR est un outil administratif préfectoral annuel (fondé sur le DGO), sans article codifié unique identifiable"
138599,France Éducation International (FEI),Opérateurs | particulier | moyen,france-education-international.fr (racine),D,Art. D338-30 Code de l'éducation — legifrance.gouv.fr/codes/id/LEGISCTA000006166844,"""Le directeur de France Education international désigne les examinateurs et les correcteurs des épreuves de l'examen""",2026-09-29,élevé,,,Page déclarée inaccessible (403 anti-bot) — qualifiée D par structure d'URL ; référence codifiée trouvée et vérifiée en vigueur
139351,"Rectorat de Reims, Académie de Reims, Minsitère de l'Education nationale",Services déconcentrés | particulier | moyen,https://www.legifrance.gouv.fr/affichTexte.do?cidTexte=LEGITEXT000034062752&dateTexte=20180929,C,non trouvé,,2026-10-01,élevé (qualification) ; n.d. (proposition non trouvée),12,"Légifrance direct (déclaré, hors sujet) + WebSearch (non concluant)","Cadre déclaré ouvert et lu intégralement : Décret n°2017-199 du 16/02/2017 relatif à l'exécution du contrat d'apprentissage dans le secteur public non industriel et commercial — aucun rapport avec un tableau d'avancement ASSPAE, donc hors sujet. Recherches WebSearch sur les tableaux d'avancement 2025-2026 (fonction publique, rectorats) n'ont permis d'identifier aucun texte spécifique à l'acronyme ASSPAE avec certitude (proche de ASSAE/SAENES/ATSS selon les sources) ; aucune alternative n'a été ouverte et vérifiée directement sur Légifrance ou un bulletin officiel, donc non trouvé conformément à la règle 2. Aucun 403/timeout rencontré."
139445,Bureau de l'action sociale,Services déconcentrés | particulier | moyen,https://www.cnil.fr/fr/reglement-europeen-protection-donnees,B,non trouvé,,2026-10-01,moyen (qualification) ; n.d. (proposition non trouvée),8,CNIL direct (texte RGPD),"Cadre déclaré = page CNIL reproduisant le texte intégral du RGPD (Règlement UE 2016/679), réel et en vigueur, mais utilisé comme mention généraliste de protection des données pour un concours photo interne (action sociale), sans lien avec le fondement juridique de l'organisation du concours elle-même. Recherche complémentaire non approfondie (limite de session API atteinte) ; la nature très administrative/interne de ce type de concours rend peu probable l'existence d'un texte plus spécifique publiquement accessible. Aucun 403/timeout rencontré."
139600,Conseil Départemental de la Drôme,Collectivités | personne_morale | moyen,JORFTEXT000045696710,A,=déclaré,Décret n° 2022-735 du 28/04/2022 relatif au financement des services d'aide et d'accompagnement à domicile — Art. R.314-136-1 : les départements concluent un CPOM avec les services bénéficiant d'une dotation complémentaire,2026-09-29,élevé,,,"Texte ouvert et vérifié : en vigueur, porte précisément sur les CPOM/dotation complémentaire départementale"
140435,"DDTM des Landes, préfecture des Landes, Ministère de la Transition écologique et de la Cohésion des territoires",Services déconcentrés | particulier | moyen,https://doc.demarches-simplifiees.fr/tutoriels/video-le-cadre-juridique,D,non trouvé,,2026-10-01,élevé (qualification) ; faible (indices non vérifiés),12,"Documentation demarches-simplifiees (déclaré, non juridique) + WebSearch (indices non vérifiés)","Cadre déclaré = page de documentation/tutoriel utilisateur de la plateforme demarches-simplifiees.fr (""Vidéo : le cadre juridique"", ""ne vous inquiétez pas nous avons rassemblé pour vous les éléments juridiques""), non juridique. WebSearch (non vérifié par ouverture directe du texte, limite de session API atteinte avant de pouvoir le faire) suggère un fondement probable : Code de l'environnement art. L427-6 à L427-9 / R427-6 et s. (destruction des espèces susceptibles d'occasionner des dégâts - ESOD) et arrêté ministériel du 10/08/2026 (JO 21/08/2026) classant corneille noire et renard en catégorie ESOD, complété par un arrêté préfectoral des Landes. Ces éléments restent des indices WebSearch non confirmés par lecture directe du texte ; conformément aux règles 1 et 2, non retenus comme cadre_propose validé."
141121,"Division des Élèves, des Écoles et des Établissements - Pôle 1er Degré",Services déconcentrés | particulier | moyen,https://www.legifrance.gouv.fr/affichCodeArticle.do?idArticle=LEGIARTI000006525839&cidTexte=LEGITEXT000006071191&dateTexte=20080207,B,non trouvé,,2026-10-01,"moyen (qualification, limite B/C) ; faible (indices non vérifiés)",15,"Légifrance direct (déclaré, abrogé) + WebSearch (indices non vérifiés)","Cadre déclaré = art. D211-11 du Code de l'éducation, vérifié directement sur Légifrance : ABROGÉ depuis le 01/02/2012 (en vigueur seulement du 17/07/2004 au 01/02/2012) — ""les collèges et les lycées accueillent les élèves résidant dans leur zone de desserte"". Sujet pertinent (sectorisation/affectation en collège) mais texte obsolète/daté. WebSearch indique que les art. L213-1 et D211-10 du Code de l'éducation (en vigueur depuis 2014) seraient les textes actuellement applicables, mais la tentative de vérification directe sur Légifrance a échoué (identifiant LEGIARTI incorrect, 404) puis la limite de session API a été atteinte avant nouvelle tentative ; donc non confirmé et noté non trouvé conformément aux règles 1 et 2."
141193,Conseil departemental de la Manche,Collectivités | personne_morale | moyen,https://www.legifrance.gouv.fr,C,non trouvé,,2026-10-01,élevé (qualification) ; faible (indice non vérifié),8,"Légifrance direct (déclaré, page d'accueil) + WebSearch (indice non vérifié)","Cadre déclaré = page d'accueil générale de legifrance.gouv.fr (portail/moteur de recherche, ""Le service public de la diffusion du droit""), vérifiée directement : aucun texte juridique précis, correspond exactement au cas C (page d'accueil/recherche). WebSearch suggère un lien avec le dispositif de subvention du Conseil départemental de la Manche (""fiche de renseignements sur l'action"" = pièce du dossier unique de demande de subvention), mais aucun texte juridique spécifique (délibération, règlement d'intervention) n'a été identifié et vérifié directement ; limite de session API atteinte avant recherche plus poussée, donc non trouvé."
145811,Thionville Fensch Agglomération,Collectivités | personne_morale | moyen,legifrance.gouv.fr (page d'accueil),C,non trouvé,—,2026-09-29,faible,,,Page officielle du règlement de subvention redirige en 404 (fusion d'EPCI au 01/01/2026) ; règlement mentionné mais non retrouvé en ligne
146064,DDAS 81,État central | particulier | petit,https://www.legifrance.gouv.fr/loda/id/JORFTEXT000000227258,B,non trouvé,"""Le Conseil national de l'action sociale participe à la définition de la politique d'action sociale en faveur des fonctionnaires et agents des ministères économiques et financiers.""",2026-10-01,moyen,8,Légifrance direct (cadre déclaré) ; WebSearch non concluant pour alternative,"Arrêté du 15 janvier 2002 relatif à l'organisation et au fonctionnement de l'action sociale (ministères économiques et financiers), en vigueur. Texte pertinent sur le plan institutionnel (gouvernance de l'action sociale) mais trop général : il ne définit pas précisément la prestation ""aide au permis de conduire"". Piste d'un texte plus précis (prestations interministérielles d'action sociale à réglementation commune - PIASRC, qui inclut une aide à la préparation au permis de conduire) identifiée mais non vérifiée par ouverture directe : budget WebSearch épuisé en cours de tâche puis budget WebFetch épuisé (session limit) avant confirmation. Donc cadre_propose = non trouvé par prudence."
146306,"Secrétariat général commun départemental, préfecture de l'Hérault, ministère de l'Intérieur",État central | particulier | moyen,https://www.legifrance.gouv.fr/codes/section_lc/LEGITEXT000044416551/LEGISCTA000044421920/2022-08-03/#LEGISCTA000044426660,A,https://www.legifrance.gouv.fr/codes/section_lc/LEGITEXT000044416551/LEGISCTA000044421920/2022-08-03/#LEGISCTA000044426660,"""Les administrations de l'État peuvent recruter des agents contractuels pour faire face à une vacance temporaire d'emploi ou à un accroissement temporaire d'activité, pour une durée maximale de douze mois"" (synthèse vérifiée des art. L332-22 à L332-26, Code général de la fonction publique, section ""Emplois temporaires"")",2026-10-01,moyen,6,Légifrance direct,"Section du Code général de la fonction publique consacrée aux emplois temporaires (L332-22 à L332-26), en vigueur. Cohérente avec l'objet de la démarche (agent contractuel de moins d'un an = plafond de 12 mois prévu par L332-23). Confiance moyenne : le terme ""prise en charge"" du titre peut aussi renvoyer à la prise en charge mutualisée de l'indemnisation chômage d'un agent, régie par d'autres textes non vérifiés (budget de recherche épuisé)."
147658,LYCEE GENERAL HOCHE,Autres | particulier | moyen,https://www.legifrance.gouv.fr/codes/article_lc/LEGIARTI000031367350,C,non trouvé,"""L'administration établit une ou plusieurs téléprocédures [...] Ces modalités sont opposables à l'usager"" (synthèse vérifiée de l'article L112-9, Code des relations entre le public et l'administration)",2026-10-01,élevé,7,"Légifrance direct (cadre déclaré) ; WebSearch pour piste alternative, non vérifiée par ouverture directe","Le lien déclaré pointe vers l'article L112-9 du CRPA, relatif aux téléservices administratifs : hors sujet par rapport à l'inscription à la restauration scolaire d'un lycée. Pistes repérées par recherche mais NON vérifiées par ouverture directe (budget WebFetch épuisé avant confirmation, donc non retenues en cadre_propose, conformément à la règle de ne jamais citer une référence non vérifiée) : Code de l'éducation art. R531-52 (tarifs de restauration scolaire fixés par la collectivité de rattachement), L421-23 (gestion du service de demi-pension par le chef d'établissement), L214-6 (compétence de la région pour la restauration des lycées)."
150096,CF (opérateur d'État),Opérateurs | personne_morale | petit,legifrance.gouv.fr (page d'accueil),C,non trouvé,—,2026-09-29,—,,,"SecNumedu-FC est un label/référentiel ANSSI, non adossé à un texte de loi/décret identifié — pas de référence juridique au sens strict"
151676,ARS BRETAGNE,État central | personne_morale | petit,INSTRUCTION N° DGOS/R4/2022/217 du 10 octobre 2022 relative au nouveau cahier des charges des consultations mémoire et des centres mémoire ressources et recherche,A,"INSTRUCTION N° DGOS/R4/2022/217 du 10 octobre 2022, Annexe 9 ""Rapport d'activité des centres mémoire ressources et recherche""","""INSTRUCTION N° DGOS/R4/2022/217 du 10 octobre 2022 relative au nouveau cahier des charges des consultations mémoire et des centres mémoire ressources et recherche"" ; ""Annexe 9 – Rapport d'activité des centres mémoire ressources et recherche"" ; ""Document opposable : Oui"" ; ""Date d'application : Immédiate"" (Bulletin officiel Santé-Protection sociale-Solidarité n° 2022/21 du 17 octobre 2022, p.97-99)",2026-10-01,élevé,15,"WebSearch puis source officielle directe (Bulletin officiel Santé, PDF)","Instruction retrouvée et ouverte directement via le Bulletin officiel Santé (PDF officiel, pages 97 à 99), non déposée sur Légifrance (mention explicite du document) mais publiée au BO, document opposable, en vigueur (aucune abrogation identifiée au 2026-10-01 ; elle abroge elle-même une circulaire de 2011). L'Annexe 9 du texte correspond exactement à l'objet de la démarche (rapport d'activité des CMRR) : cadre précis et fondateur."
151749,Lycée Fénelon,Autres | particulier | petit,https://www.legifrance.gouv.fr/codes/section_lc/LEGITEXT000006071191/LEGISCTA000027864438/,A,https://www.legifrance.gouv.fr/codes/section_lc/LEGITEXT000006071191/LEGISCTA000027864438/,"""L'inscription des étudiants des classes préparatoires aux grandes écoles des lycées publics [...] est confirmée au plus tard le 15 janvier"" (Article D612-29, Code de l'éducation, section CPGE)",2026-10-01,élevé,6,Légifrance direct,"Lien pointant vers la sous-section du Code de l'éducation consacrée aux classes préparatoires aux grandes écoles (articles D612-19 à D612-29-2), en vigueur au 01/10/2026 (dernière modification : décret 2023-1015). Contient une disposition précise sur l'inscription des étudiants de CPGE, en cohérence directe avec l'objet de la démarche."
152185,Préfecture du Val-d'Oise,État central | particulier | gros,"""loi du 6 janvier 1978"" (texte, pas un lien)",B,non trouvé,—,2026-09-29,moyen,,,"Loi 78-17 réelle et en vigueur (vérifiée) mais porte sur la protection des données, pas sur le fondement de la démarche ; démarche interne RH/action sociale sans texte dédié identifiable"
153649,DDT du Loiret,Services déconcentrés | particulier | petit,"PDF ""carte-louveterie-Loiret"" (liste des lieutenants de louveterie)",C,"Arrêté préfectoral ""AP-mesuresSanglier-Loiret-24_30"" du 19/03/2025 (Loiret)","(PDF illisible en fetch direct, corroboré par page officielle DDT Loiret)",2026-09-29,moyen,,,"Le déclaré est hors sujet (louveterie ≠ régulation sanglier) ; le PDF cible n'a pas pu être lu, remplacement identifié via une page officielle mais texte intégral non ouvert"
154904,ARS Bretagne,Autres | personne_morale | petit,https://www.bretagne.ars.sante.fr/reglement-general-relatif-la-protection-des-donnees-lars-bretagne-se-met-en-conformite,C,non trouvé,"""l'ARS se doit de respecter un certain nombre d'obligations"" [RGPD] (page institutionnelle générique de l'ARS Bretagne)",2026-10-01,élevé,6,Page officielle organisme (WebFetch direct),"Le lien déclaré est la page institutionnelle générique de mise en conformité RGPD de l'ARS Bretagne : aucun rapport avec l'appel à manifestation d'intérêt ""LIKE YOU"". Hors sujet. Les AMI reposent en général sur une décision de financement (ex. crédits du Fonds d'intervention régional, art. L1435-8 Code de la santé publique) plutôt que sur un texte réglementaire dédié ; piste non vérifiée par ouverture directe faute de budget de recherche restant (WebSearch et WebFetch épuisés en fin de tâche)."
