id;fonction;nature;Citizen Dev (Docaposte);Courriel avec formulaire PDF (situation de départ);Démarche Numérique (outil de référence);e-Citiz (Docaposte);eXo Platform;Framaforms (logiciel Yakforms);Google Forms;Grist;Jalios (module JProcess);Jamespot (application Création de formulaires);LimeSurvey;Microsoft Forms;Nextcloud Forms;Publik (Entr'ouvert);Salesforce;Simplicité (Simplicité Software);Talkspirit;Twake Workplace (LINAGORA);Whaller;Wire
f1;Création du formulaire par un agent, sans développement informatique;référence;nsp;oui;oui;oui;nsp;oui;oui;oui;oui;non;oui;oui;oui;oui;partiel;partiel;nsp;nsp;nsp;nsp
f2;Types de champs adaptés : SIRET, IBAN, adresse, date, listes, référentiels;référence;nsp;non;oui;nsp;nsp;partiel;partiel;partiel;partiel;partiel;partiel;partiel;nsp;nsp;oui;nsp;nsp;nsp;nsp;nsp
f3;Champs et pages conditionnels : l'usager ne voit que ce qui le concerne;référence;nsp;non;oui;nsp;nsp;partiel;partiel;nsp;nsp;nsp;oui;partiel;nsp;nsp;oui;nsp;nsp;nsp;nsp;nsp
f4;Blocs de champs répétables (plusieurs enfants, plusieurs lignes de budget);référence;nsp;non;oui;nsp;nsp;non;non;non;nsp;nsp;non;non;nsp;nsp;partiel;nsp;nsp;nsp;nsp;nsp
f5;Reprise d'une démarche existante ou d'un modèle;référence;nsp;oui;oui;nsp;nsp;oui;oui;partiel;oui;nsp;oui;oui;nsp;nsp;oui;nsp;nsp;nsp;nsp;nsp
f6;Aide à la conception : suggestions sur la clarté et la simplification des champs;complémentaire;nsp;nsp;nsp;nsp;nsp;nsp;nsp;nsp;nsp;nsp;nsp;nsp;nsp;nsp;nsp;nsp;nsp;nsp;nsp;nsp
f7;Identité du particulier préremplie par une identité numérique (FranceConnect ou équivalent);référence;nsp;non;oui;nsp;nsp;non;non;non;nsp;nsp;non;non;nsp;nsp;non;nsp;nsp;nsp;nsp;nsp
f8;Données d'une entreprise récupérées à partir du SIRET (API Entreprise ou équivalent);référence;nsp;non;oui;nsp;nsp;non;non;non;nsp;nsp;non;non;nsp;nsp;non;nsp;nsp;nsp;nsp;nsp
f9;Autres données obtenues à la source, ou justificatifs lus automatiquement (2D-Doc, titre d'identité);référence;nsp;non;partiel;nsp;nsp;non;non;non;nsp;nsp;non;non;nsp;nsp;non;nsp;nsp;nsp;nsp;nsp
f10;Préremplissage d'un dossier depuis un système tiers (simulateur, dossier précédent, autre application);complémentaire;nsp;nsp;oui;nsp;nsp;nsp;nsp;nsp;nsp;nsp;nsp;nsp;nsp;nsp;nsp;nsp;nsp;nsp;nsp;nsp
f11;Champs obligatoires et contrôles de format ou de complétude à la saisie;référence;nsp;non;oui;nsp;nsp;oui;oui;partiel;oui;nsp;oui;oui;nsp;nsp;oui;nsp;nsp;nsp;nsp;nsp
f12;Dépôt des pièces justificatives directement dans le dossier;référence;nsp;non;oui;nsp;nsp;partiel;partiel;nsp;oui;nsp;oui;partiel;nsp;nsp;oui;nsp;nsp;nsp;nsp;partiel
f13;Enregistrement automatique en brouillon et reprise ultérieure;référence;nsp;non;oui;nsp;nsp;nsp;nsp;nsp;nsp;nsp;oui;nsp;nsp;nsp;oui;nsp;nsp;nsp;nsp;nsp
f14;Suivi de l'état du dossier en ligne, sans avoir à relancer;référence;nsp;non;oui;nsp;nsp;non;non;non;oui;nsp;non;non;nsp;nsp;oui;nsp;nsp;nsp;nsp;nsp
f15;Messagerie entre l'usager et l'instructeur, rattachée au dossier;référence;nsp;non;oui;nsp;nsp;non;non;non;partiel;nsp;non;non;nsp;nsp;oui;nsp;nsp;nsp;nsp;partiel
f16;Dépôt par un tiers (mandataire, aidant);complémentaire;nsp;nsp;oui;nsp;nsp;nsp;nsp;nsp;nsp;nsp;nsp;nsp;nsp;nsp;nsp;nsp;nsp;nsp;nsp;nsp
f17;Mesure de la satisfaction sur chaque démarche;complémentaire;nsp;nsp;oui;nsp;nsp;nsp;nsp;nsp;nsp;nsp;nsp;nsp;nsp;nsp;nsp;nsp;nsp;nsp;nsp;nsp
f18;Accusé de réception et notifications automatiques;référence;nsp;non;oui;nsp;nsp;partiel;partiel;nsp;partiel;nsp;partiel;partiel;nsp;nsp;oui;nsp;nsp;nsp;nsp;nsp
f19;Espace d'instruction partagé entre agents, sans passer par une messagerie;référence;nsp;non;oui;nsp;nsp;non;partiel;oui;oui;nsp;partiel;partiel;nsp;nsp;oui;nsp;nsp;nsp;nsp;nsp
f20;Routage des dossiers vers des groupes d'instructeurs;complémentaire;nsp;nsp;oui;nsp;nsp;nsp;nsp;nsp;nsp;nsp;nsp;nsp;nsp;nsp;nsp;nsp;nsp;nsp;nsp;nsp
f21;Traitement en masse : actions groupées sur plusieurs dossiers;complémentaire;nsp;nsp;oui;nsp;nsp;nsp;nsp;nsp;nsp;nsp;nsp;nsp;nsp;nsp;nsp;nsp;nsp;nsp;nsp;nsp
f22;Gestion du délai de réponse et du silence de l'administration (accord ou rejet);complémentaire;nsp;nsp;oui;nsp;nsp;nsp;nsp;nsp;nsp;nsp;nsp;nsp;nsp;nsp;nsp;nsp;nsp;nsp;nsp;nsp
f23;Export ou interface (API) vers l'outil métier, sans ressaisie des données;référence;nsp;non;oui;nsp;partiel;partiel;partiel;oui;nsp;nsp;oui;partiel;partiel;nsp;oui;nsp;partiel;nsp;nsp;nsp
f24;Statistiques ou indicateurs agrégés publiables (open data);complémentaire;nsp;nsp;oui;nsp;nsp;nsp;nsp;nsp;nsp;nsp;nsp;nsp;nsp;nsp;nsp;nsp;nsp;nsp;nsp;nsp
f25;Connexion à d'autres systèmes (archivage, agenda, prise de rendez-vous);complémentaire;nsp;nsp;partiel;nsp;nsp;nsp;nsp;nsp;nsp;nsp;nsp;nsp;nsp;nsp;nsp;nsp;nsp;nsp;nsp;nsp
f26;Authentification sécurisée des agents et droits par rôle;référence;nsp;partiel;oui;nsp;nsp;partiel;partiel;oui;nsp;nsp;oui;partiel;nsp;nsp;oui;nsp;nsp;nsp;partiel;partiel
f27;Formulaire conforme aux exigences d'accessibilité et registre des traitements de données;référence;nsp;nsp;oui;nsp;nsp;nsp;nsp;nsp;nsp;nsp;nsp;nsp;nsp;nsp;nsp;nsp;nsp;nsp;nsp;nsp
f28;Mise à disposition sans licence par démarche ni installation;référence;nsp;oui;oui;nsp;nsp;oui;oui;oui;non;non;oui;partiel;oui;nsp;non;nsp;nsp;nsp;nsp;nsp
f29;Documentation, support et formation en ligne des agents;référence;nsp;non;oui;nsp;nsp;partiel;oui;oui;nsp;nsp;partiel;oui;nsp;nsp;oui;nsp;nsp;nsp;nsp;nsp
f30;Prise de rendez-vous en ligne avec l'usager (agenda, confirmation, rappel);complémentaire;nsp;non;oui;oui;nsp;nsp;nsp;nsp;nsp;nsp;nsp;nsp;nsp;nsp;nsp;nsp;nsp;nsp;nsp;nsp
f31;Tableau de bord de suivi : volumes, délais et état des dossiers en temps réel;complémentaire;nsp;non;partiel;nsp;nsp;nsp;nsp;oui;nsp;nsp;nsp;nsp;nsp;nsp;oui;nsp;nsp;nsp;nsp;nsp
f32;Connecteur FranceConnect et ProConnect natif (identité de l'usager ou de l'agent);complémentaire;nsp;non;oui;nsp;nsp;nsp;nsp;nsp;nsp;nsp;nsp;nsp;nsp;nsp;nsp;nsp;nsp;nsp;nsp;nsp
f33;Connecteur générique vers une interface (API) externe, sans développement;complémentaire;nsp;non;oui;nsp;nsp;nsp;nsp;nsp;nsp;nsp;nsp;nsp;nsp;nsp;oui;nsp;nsp;nsp;nsp;nsp
f34;Import d'un référentiel au format CSV (listes de choix, communes, établissements);complémentaire;nsp;non;oui;nsp;nsp;nsp;nsp;nsp;nsp;nsp;nsp;nsp;nsp;nsp;oui;nsp;nsp;nsp;nsp;nsp
f35;Lecteur de 2D-Doc natif (vérification d'un justificatif);complémentaire;nsp;non;partiel;nsp;nsp;nsp;nsp;nsp;nsp;nsp;nsp;nsp;nsp;nsp;nsp;nsp;nsp;nsp;nsp;nsp
licence;Modèle de licence (indicatif, sans montant);information;Non connu (à vérifier).;Pas de licence propre : une boîte fonctionnelle et du temps d'agent.;"Mise à disposition sans licence par démarche ; coût de la plateforme supporté par l'État (1,6 M€ en 2025 pour 4,3 millions de dossiers, soit 0,37 € par dossier).";Abonnement ou licence sur devis, souvent par collectivité (à vérifier).;Sur devis (à vérifier).;"Service gratuit, financé par des dons ; le logiciel libre Yakforms peut être auto-hébergé.";"Abonnement par utilisateur (Google Workspace) ; usage gratuit avec un compte personnel.";"Logiciel libre auto-hébergeable ; offres hébergées payantes (à vérifier).";Licence ou abonnement sur devis (à vérifier).;Abonnement sur devis (à vérifier).;"Logiciel libre auto-hébergeable ; offres hébergées payantes (à vérifier).";Inclus dans les abonnements Microsoft 365, par utilisateur.;"Logiciel libre auto-hébergeable ; offres avec support payant (à vérifier).";"Logiciel libre ; offre hébergée (SaaS) et accompagnement payants, prix non publics (à vérifier).";"Licences par utilisateur et par produit ; paramétrage par des spécialistes.";"Essai gratuit (5 utilisateurs, durée annoncée de 30 jours à 3 mois selon la page) ; ensuite 29 € par utilisateur et par mois, 10 utilisateurs au minimum, en nuage ou sur site (page tarifs, à vérifier).";Abonnement par utilisateur (à vérifier).;"Logiciel libre ; offre hébergée payante (à vérifier).";"Version gratuite et offres payantes ; hébergement dédié ou sur site sur devis (à vérifier).";Offre gratuite et offres professionnelles par utilisateur (à vérifier).
code_source;Code source ouvert (oui, non, partiel, non confirmé, sans objet) et précision;information;Non confirmé : aucune documentation publique consultée.;Sans objet.;Oui : code source ouvert et publié (AGPL).;Non confirmé : la documentation publique consultée ne mentionne pas de code source ouvert (à vérifier auprès de Docaposte).;Partiellement : édition communautaire libre, édition entreprise commerciale (à vérifier).;Oui : logiciel libre Yakforms (module Drupal).;Non : logiciel propriétaire.;"Oui : cœur du logiciel libre (Apache 2.0) ; certaines options des offres payantes sont propriétaires (à vérifier).";Non : plateforme éditée sous licence commerciale (à vérifier).;Non : solution éditée sous abonnement commercial (à vérifier).;"Oui : édition communautaire libre (GPL) ; offres hébergées et options payantes.";Non : logiciel propriétaire.;Oui : logiciel libre (AGPL).;Oui : « 100 % libre » selon l'éditeur Entr'ouvert (licence de chaque composant à vérifier).;Non : logiciel propriétaire.;Non confirmé : les pages publiques consultées (essai gratuit, tarifs par utilisateur) ne mentionnent ni code source ouvert ni licence libre. À vérifier auprès de l'éditeur.;Non : solution éditée sous abonnement commercial (à vérifier).;Oui : suite libre éditée par LINAGORA (licence de chaque composant à vérifier).;Non : solution éditée sous abonnement commercial (à vérifier).;Oui : applications et serveur publiés sous licences libres (à vérifier).
note;Note de présentation;information;Outil signalé par l'auteur, rattaché à Docaposte. Aucune documentation publique n'a pu être consultée à ce jour : toutes les réponses sont à renseigner et à vérifier.;Situation de départ des chiffres publiés : un formulaire PDF diffusé sur un site, renvoyé par courriel et reçu dans une boîte fonctionnelle. Les gains publiés mesurent l'écart avec cette situation.;"Outil à partir duquel le périmètre de référence est construit : toutes les fonctions sont supposées couvertes, sauf la lecture automatique des justificatifs, partielle. La prise de rendez-vous est assurée par l'intégration avec RDV Service Public. Le tableau de bord de suivi est partiel : il s'appuie sur Grist. La connexion par FranceConnect et ProConnect, l'appel d'une interface externe générique et l'import de référentiels en CSV sont natifs. Le lecteur de 2D-Doc natif décode le cachet des justificatifs (domicile, et la lecture automatique cite aussi le RIB et l'avis d'impôt) : les données lues sont affichées avec leur source et ne sont pas modifiables par l'instructeur ; l'extension à davantage de justificatifs est en cours, et aucun indicateur de certification n'est exposé à l'administrateur (ticket n° 11928, propositions de modification n° 13115 et 13486 du dépôt public). Réponse « partiel » : lecture native, mais vérification limitée à certains justificatifs.";Guichet numérique et solution de gestion de la relation citoyen développés par Docaposte pour les collectivités : portail pour les usagers, centralisation des demandes de tous les canaux, générateur de formulaires et de workflows pour les agents, options de prise de rendez-vous, paiement en ligne et assistant conversationnel. La documentation publique consultée ne détaille ni le dépôt de pièces, ni le suivi par l'usager, ni l'instruction : tout le reste est à vérifier.;"Digital workplace libre. La présentation publique consultée cite des circuits de travail configurables sans développement et une interface de programmation complète ; elle ne mentionne ni formulaires, ni circuits de demande et de validation, ni suivi. Tout le reste est à vérifier.";Service gratuit d'un éditeur associatif, fondé sur le logiciel libre Yakforms : formulaires simples, sans suivi du dossier par l'usager ni espace d'instruction.;"Outil généraliste de questionnaires. Les pièces jointes et la reprise de saisie supposent un compte Google ; le suivi et l'instruction sont à construire autour d'un tableur.";"Tableur et base de données libres avec formulaires : fort sur l'instruction partagée, les droits d'accès et l'interface de programmation ; formulaire encore sommaire pour des démarches complexes.";Module de demandes et de circuits de validation d'une digital workplace : constructeur de formulaires par glisser-déposer, contrôles de valeurs et de formats, pièces jointes, suivi en temps réel, notifications. Documentation publique pensée pour des demandes internes : dépôt par des usagers extérieurs, interface de programmation et droits à vérifier.;"Digital workplace modulaire. La documentation publique consultée décrit seulement une application de création de formulaires, définis en XML par des développeurs ; le reste (circuits de validation, suivi, pièces jointes) n'y figure pas et reste à vérifier dans l'offre complète.";"Logiciel libre d'enquêtes très paramétrable (conditions d'affichage, reprise de saisie, dépôt de fichiers, interface de programmation) ; non conçu pour l'instruction des dossiers.";"Outil généraliste de questionnaires intégré à Microsoft 365. Le dépôt de fichiers et le suivi supposent un compte de l'organisation ; l'instruction passe par d'autres outils (Excel, Power Automate).";"Application de formulaires de la suite libre Nextcloud, hébergée sur l'instance de l'organisme. La présentation du module cite la création simple de formulaires, la visualisation et l'export des réponses (CSV) et des webhooks ; pièces jointes, conditions d'affichage et champs obligatoires ne sont pas précisés et dépendent de la version.";Plateforme de gestion de la relation avec l'usager de l'éditeur Entr'ouvert, présentée comme « no-code/low-code, 100 % libre et souveraine » pour les citoyens et les services de l'administration, en offre hébergée (SaaS) ou en logiciels. La page publique consultée ne détaille pas les fonctions de formulaire, de suivi ou d'instruction : tout le reste est à vérifier.;Plateforme de gestion de la relation avec l'usager : très large, mais sous licence et paramétrée par des spécialistes.;Plateforme de développement d'applications à faible code : conception visuelle par glisser-déposer, automatisation des tâches, supervision des flux et des alertes, pour des clients, des agents et des partenaires. Les pages publiques consultées ne détaillent pas les fonctions de formulaire, de dépôt de pièces ou d'instruction : tout le reste est à vérifier.;"Plateforme collaborative hébergée en France (communication, projets, documents, réunions). La documentation consultée cite des connexions à des applications par webhooks et un annuaire d'applications ; elle ne mentionne ni formulaires ni circuits de validation. Tout le reste est à vérifier.";Suite collaborative libre (messagerie, courriel, fichiers, édition de documents, gestion de projets). La présentation publique consultée ne mentionne ni formulaires ni circuits de validation, mais une interconnexion avec un outil d'automatisation (n8n). Tout est à vérifier.;Plateforme collaborative souveraine (messagerie, fichiers, tâches, calendrier, portail), hébergeable en France, y compris sur un nuage qualifié ou sur site. Les pages consultées ne mentionnent ni formulaires ni circuits de validation, mais une gestion des droits d'accès. Tout le reste est à vérifier.;"Messagerie sécurisée avec partage de fichiers, appels et administration (authentification SAML, gestion des comptes). Outil de messagerie : aucun formulaire, circuit de validation ou interface de programmation n'est mentionné ; il n'est comparé ici que pour la messagerie et les fichiers."
;Valeurs admises : oui, partiel, non, nsp (je ne sais pas / à vérifier). Préchargement indicatif, non vérifié ligne à ligne. Code source ouvert : indication à vérifier auprès de l'éditeur.
