id,population,motif,critere_attendu,valeur_critere,accord
7415503,A,delai_absence_nouvelles,Réactivité,Négatif,oui
4176167,A,probleme_technique_acces,Accessibilité,Négatif,oui
5465879,A,delai_absence_nouvelles,Réactivité,Négatif,oui
5217070,A,delai_absence_nouvelles,Réactivité,,non
4836250,A,probleme_technique_acces,Accessibilité,,non
3141757,A,delai_absence_nouvelles,Réactivité,Négatif,oui
7274305,A,delai_absence_nouvelles,Réactivité,Négatif,oui
6754371,A,probleme_technique_acces,Accessibilité,Négatif,oui
6735176,A,delai_absence_nouvelles,Réactivité,Négatif,oui
4711316,A,delai_absence_nouvelles,Réactivité,,non
4628710,A,qualite_justesse_reponse,Information/Explication,,non
6986852,A,delai_absence_nouvelles,Réactivité,Négatif,oui
4836045,A,qualite_justesse_reponse,Information/Explication,Négatif,oui
5031016,A,delai_absence_nouvelles,Réactivité,Négatif,oui
7354856,A,delai_absence_nouvelles,Réactivité,Négatif,oui
4409411,A,probleme_technique_acces,Accessibilité,,non
4502504,A,delai_absence_nouvelles,Réactivité,Négatif,oui
6725256,A,qualite_justesse_reponse,Information/Explication,,non
4840988,A,pieces_demandees,Simplicité/Complexité,Négatif,oui
6949292,A,delai_absence_nouvelles,Réactivité,Négatif,oui
5494472,A,probleme_technique_acces,Accessibilité,Négatif,oui
584307,A,qualite_justesse_reponse,Information/Explication,,non
3798658,A,qualite_justesse_reponse,Information/Explication,,non
7500991,A,pieces_demandees,Simplicité/Complexité,Négatif,oui
6103364,A,probleme_technique_acces,Accessibilité,Négatif,oui
7453332,A,delai_absence_nouvelles,Réactivité,Négatif,oui
3780251,A,qualite_justesse_reponse,Information/Explication,Négatif,oui
4750006,A,delai_absence_nouvelles,Réactivité,Négatif,oui
6076771,A,pieces_demandees,Simplicité/Complexité,Négatif,oui
7514943,A,delai_absence_nouvelles,Réactivité,Négatif,oui
6914726,A,probleme_technique_acces,Accessibilité,,non
6522049,A,delai_absence_nouvelles,Réactivité,Négatif,oui
7017684,A,qualite_justesse_reponse,Information/Explication,Négatif,oui
6244350,A,probleme_technique_acces,Accessibilité,Négatif,oui
6138670,A,delai_absence_nouvelles,Réactivité,Négatif,oui
5410222,A,delai_absence_nouvelles,Réactivité,,non
5105094,A,probleme_technique_acces,Accessibilité,Négatif,oui
7041704,A,delai_absence_nouvelles,Réactivité,Négatif,oui
272272,A,probleme_technique_acces,Accessibilité,,non
6504030,A,delai_absence_nouvelles,Réactivité,Négatif,oui
6528480,A,delai_absence_nouvelles,Réactivité,Négatif,oui
5660351,A,delai_absence_nouvelles,Réactivité,Négatif,oui
6277260,A,comprehension_formulaire,Simplicité/Complexité,Négatif,oui
4413590,A,delai_absence_nouvelles,Réactivité,Négatif,oui
6233234,A,delai_absence_nouvelles,Réactivité,Négatif,oui
5145261,A,delai_absence_nouvelles,Réactivité,Négatif,oui
4964508,A,delai_absence_nouvelles,Réactivité,Négatif,oui
5622290,A,delai_absence_nouvelles,Réactivité,Négatif,oui
6571221,A,qualite_justesse_reponse,Information/Explication,Négatif,oui
6752096,A,delai_absence_nouvelles,Réactivité,Négatif,oui
7484517,A,delai_absence_nouvelles,Réactivité,Négatif,oui
6800030,A,probleme_technique_acces,Accessibilité,Négatif,oui
5536107,A,probleme_technique_acces,Accessibilité,Négatif,oui
4401323,A,delai_absence_nouvelles,Réactivité,,non
7521102,A,delai_absence_nouvelles,Réactivité,,non
4940577,A,delai_absence_nouvelles,Réactivité,Négatif,oui
5830841,A,probleme_technique_acces,Accessibilité,,non
6721457,A,probleme_technique_acces,Accessibilité,Négatif,oui
4251671,A,delai_absence_nouvelles,Réactivité,,non
6581400,A,probleme_technique_acces,Accessibilité,,non
4116947,A,delai_absence_nouvelles,Réactivité,,non
4125017,A,delai_absence_nouvelles,Réactivité,Négatif,oui
7332085,A,delai_absence_nouvelles,Réactivité,Négatif,oui
6069893,A,delai_absence_nouvelles,Réactivité,Négatif,oui
2972724,A,delai_absence_nouvelles,Réactivité,Négatif,oui
6169442,A,delai_absence_nouvelles,Réactivité,Négatif,oui
7119243,A,probleme_technique_acces,Accessibilité,Négatif,oui
6105418,A,comprehension_formulaire,Simplicité/Complexité,Négatif,oui
5523818,A,comprehension_formulaire,Simplicité/Complexité,Négatif,oui
4862740,A,comprehension_formulaire,Simplicité/Complexité,Négatif,oui
5709672,A,delai_absence_nouvelles,Réactivité,Négatif,oui
7294883,A,delai_absence_nouvelles,Réactivité,Négatif,oui
6716286,A,probleme_technique_acces,Accessibilité,Négatif,oui
5431595,A,delai_absence_nouvelles,Réactivité,,non
6330147,A,delai_absence_nouvelles,Réactivité,,non
7549763,A,delai_absence_nouvelles,Réactivité,Négatif,oui
7277837,A,delai_absence_nouvelles,Réactivité,Négatif,oui
5019854,A,delai_absence_nouvelles,Réactivité,Négatif,oui
7296801,A,delai_absence_nouvelles,Réactivité,Négatif,oui
3102138,A,delai_absence_nouvelles,Réactivité,Négatif,oui
7057288,A,delai_absence_nouvelles,Réactivité,Négatif,oui
5869659,A,delai_absence_nouvelles,Réactivité,Négatif,oui
7392272,A,delai_absence_nouvelles,Réactivité,Négatif,oui
5505102,A,delai_absence_nouvelles,Réactivité,Négatif,oui
7392066,A,delai_absence_nouvelles,Réactivité,Négatif,oui
6095098,A,delai_absence_nouvelles,Réactivité,Négatif,oui
3848191,A,probleme_technique_acces,Accessibilité,,non
6727850,A,delai_absence_nouvelles,Réactivité,Négatif,oui
6528046,A,probleme_technique_acces,Accessibilité,Négatif,oui
6555090,A,delai_absence_nouvelles,Réactivité,Négatif,oui
4440215,A,probleme_technique_acces,Accessibilité,Négatif,oui
7475807,A,delai_absence_nouvelles,Réactivité,,non
6704423,A,delai_absence_nouvelles,Réactivité,Négatif,oui
3458050,A,delai_absence_nouvelles,Réactivité,Négatif,oui
6672713,A,probleme_technique_acces,Accessibilité,,non
3796427,A,probleme_technique_acces,Accessibilité,Négatif,oui
4518890,A,delai_absence_nouvelles,Réactivité,,non
3009223,A,delai_absence_nouvelles,Réactivité,,non
4750423,A,delai_absence_nouvelles,Réactivité,Négatif,oui
7343058,A,probleme_technique_acces,Accessibilité,,non
5572386,A,probleme_technique_acces,Accessibilité,Négatif,oui
6870963,A,comprehension_formulaire,Simplicité/Complexité,Négatif,oui
7403182,A,delai_absence_nouvelles,Réactivité,Négatif,oui
7004624,A,delai_absence_nouvelles,Réactivité,,non
6977016,A,delai_absence_nouvelles,Réactivité,Négatif,oui
5992681,A,delai_absence_nouvelles,Réactivité,Négatif,oui
5219574,A,delai_absence_nouvelles,Réactivité,Négatif,oui
4500079,A,delai_absence_nouvelles,Réactivité,Négatif,oui
5895292,A,delai_absence_nouvelles,Réactivité,Négatif,oui
4991417,A,delai_absence_nouvelles,Réactivité,Négatif,oui
6316186,A,delai_absence_nouvelles,Réactivité,Négatif,oui
2949665,A,qualite_justesse_reponse,Information/Explication,Négatif,oui
7348011,A,probleme_technique_acces,Accessibilité,Négatif,oui
274262,A,delai_absence_nouvelles,Réactivité,,non
6464103,A,probleme_technique_acces,Accessibilité,Négatif,oui
5529197,A,delai_absence_nouvelles,Réactivité,Négatif,oui
5435291,A,delai_absence_nouvelles,Réactivité,Négatif,oui
2925374,A,delai_absence_nouvelles,Réactivité,Négatif,oui
6464553,A,delai_absence_nouvelles,Réactivité,Négatif,oui
5640501,A,delai_absence_nouvelles,Réactivité,Négatif,oui
4736426,A,qualite_justesse_reponse,Information/Explication,Négatif,oui
5639430,A,delai_absence_nouvelles,Réactivité,,non
4507362,A,delai_absence_nouvelles,Réactivité,Négatif,oui
4218332,A,delai_absence_nouvelles,Réactivité,Négatif,oui
7084855,A,delai_absence_nouvelles,Réactivité,Négatif,oui
6228968,A,delai_absence_nouvelles,Réactivité,Négatif,oui
5242586,A,delai_absence_nouvelles,Réactivité,Négatif,oui
5163030,A,delai_absence_nouvelles,Réactivité,Négatif,oui
7345579,A,delai_absence_nouvelles,Réactivité,Négatif,oui
6500895,A,probleme_technique_acces,Accessibilité,Négatif,oui
4166396,A,qualite_justesse_reponse,Information/Explication,,non
5777871,A,probleme_technique_acces,Accessibilité,,non
6466551,A,delai_absence_nouvelles,Réactivité,Négatif,oui
5774594,A,qualite_justesse_reponse,Information/Explication,Négatif,oui
7332764,A,delai_absence_nouvelles,Réactivité,Négatif,oui
6584521,A,delai_absence_nouvelles,Réactivité,Négatif,oui
7431569,A,autre,,,n/a
4691135,A,delai_absence_nouvelles,Réactivité,Négatif,oui
5677902,A,delai_absence_nouvelles,Réactivité,Négatif,oui
7498885,A,qualite_justesse_reponse,Information/Explication,Négatif,oui
4417316,A,comprehension_formulaire,Simplicité/Complexité,,non
4405970,A,delai_absence_nouvelles,Réactivité,,non
6705254,A,delai_absence_nouvelles,Réactivité,Négatif,oui
5037271,A,delai_absence_nouvelles,Réactivité,Négatif,oui
7392484,A,delai_absence_nouvelles,Réactivité,Négatif,oui
271909,A,probleme_technique_acces,Accessibilité,Négatif,oui
5484008,A,delai_absence_nouvelles,Réactivité,Négatif,oui
622011,A,qualite_justesse_reponse,Information/Explication,Négatif,oui
6709326,A,delai_absence_nouvelles,Réactivité,Négatif,oui
6264826,A,delai_absence_nouvelles,Réactivité,Négatif,oui
7468767,B',probleme_technique_acces,Accessibilité,Négatif,oui
7187806,B',probleme_technique_acces,Accessibilité,Négatif,oui
3796300,B',probleme_technique_acces,Accessibilité,Négatif,oui
3891090,B',autre,,,n/a
3619550,B',delai_absence_nouvelles,Réactivité,Négatif,oui
3349145,B',qualite_justesse_reponse,Information/Explication,Négatif,oui
303577,B',delai_absence_nouvelles,Réactivité,,non
6792861,B',probleme_technique_acces,Accessibilité,Négatif,oui
6730218,B',probleme_technique_acces,Accessibilité,Négatif,oui
6233162,B',probleme_technique_acces,Accessibilité,,non
7213060,B',probleme_technique_acces,Accessibilité,Négatif,oui
5331263,B',delai_absence_nouvelles,Réactivité,Négatif,oui
4217432,B',probleme_technique_acces,Accessibilité,Négatif,oui
4120634,B',probleme_technique_acces,Accessibilité,Négatif,oui
6528241,B',delai_absence_nouvelles,Réactivité,Négatif,oui
3322015,B',probleme_technique_acces,Accessibilité,Négatif,oui
3457922,B',autre,,,n/a
6243766,B',probleme_technique_acces,Accessibilité,Négatif,oui
7326308,B',probleme_technique_acces,Accessibilité,Négatif,oui
3901997,B',comprehension_formulaire,Simplicité/Complexité,Négatif,oui
6759257,B',probleme_technique_acces,Accessibilité,Négatif,oui
3099794,B',probleme_technique_acces,Accessibilité,Négatif,oui
7527007,B',pieces_demandees,Simplicité/Complexité,Négatif,oui
6727854,B',pieces_demandees,Simplicité/Complexité,Négatif,oui
5242674,B',probleme_technique_acces,Accessibilité,Négatif,oui
3329685,B',delai_absence_nouvelles,Réactivité,Négatif,oui
5582000,B',probleme_technique_acces,Accessibilité,Négatif,oui
7198205,B',probleme_technique_acces,Accessibilité,Négatif,oui
3764146,B',delai_absence_nouvelles,Réactivité,Négatif,oui
396708,B',autre,,,n/a
724166,B',delai_absence_nouvelles,Réactivité,Négatif,oui
5334621,B',probleme_technique_acces,Accessibilité,Négatif,oui
4687237,B',autre,,,n/a
3920598,B',comprehension_formulaire,Simplicité/Complexité,Négatif,oui
363383,B',probleme_technique_acces,Accessibilité,Négatif,oui
3298454,B',probleme_technique_acces,Accessibilité,Négatif,oui
4655137,B',delai_absence_nouvelles,Réactivité,Négatif,oui
6785904,B',qualite_justesse_reponse,Information/Explication,,non
6498777,B',delai_absence_nouvelles,Réactivité,Négatif,oui
4955861,B',qualite_justesse_reponse,Information/Explication,,non
6658302,B',probleme_technique_acces,Accessibilité,Négatif,oui
4812188,B',comprehension_formulaire,Simplicité/Complexité,Négatif,oui
4713389,B',delai_absence_nouvelles,Réactivité,Négatif,oui
7331919,B',qualite_justesse_reponse,Information/Explication,Négatif,oui
3775123,B',probleme_technique_acces,Accessibilité,Négatif,oui
4678607,B',comprehension_formulaire,Simplicité/Complexité,Négatif,oui
5677986,B',probleme_technique_acces,Accessibilité,Négatif,oui
6666300,B',autre,,,n/a
7475501,B',probleme_technique_acces,Accessibilité,Négatif,oui
4948684,B',probleme_technique_acces,Accessibilité,Négatif,oui
5793087,B',probleme_technique_acces,Accessibilité,Négatif,oui
6783375,B',qualite_justesse_reponse,Information/Explication,Négatif,oui
4117124,B',delai_absence_nouvelles,Réactivité,Négatif,oui
7424342,B',probleme_technique_acces,Accessibilité,Négatif,oui
7389451,B',delai_absence_nouvelles,Réactivité,Négatif,oui
4825377,B',probleme_technique_acces,Accessibilité,Négatif,oui
7046319,B',delai_absence_nouvelles,Réactivité,,non
3101998,B',probleme_technique_acces,Accessibilité,Négatif,oui
5475158,B',probleme_technique_acces,Accessibilité,Négatif,oui
4748320,B',probleme_technique_acces,Accessibilité,Négatif,oui
3396504,B',probleme_technique_acces,Accessibilité,Négatif,oui
4063985,B',probleme_technique_acces,Accessibilité,Négatif,oui
5944015,B',autre,,,n/a
3369391,B',autre,,,n/a
6754628,B',probleme_technique_acces,Accessibilité,Négatif,oui
4966327,B',autre,,,n/a
3736645,B',probleme_technique_acces,Accessibilité,Négatif,oui
5639484,B',probleme_technique_acces,Accessibilité,Négatif,oui
7454389,B',probleme_technique_acces,Accessibilité,Négatif,oui
4843435,B',probleme_technique_acces,Accessibilité,Négatif,oui
806066,B',probleme_technique_acces,Accessibilité,Négatif,oui
4882770,B',pieces_demandees,Simplicité/Complexité,Négatif,oui
4780065,B',probleme_technique_acces,Accessibilité,,non
3251437,B',probleme_technique_acces,Accessibilité,Négatif,oui
3799234,B',delai_absence_nouvelles,Réactivité,Négatif,oui
7520169,B',autre,,,n/a
5546876,B',autre,,,n/a
7351419,B',probleme_technique_acces,Accessibilité,Négatif,oui
7439089,B',delai_absence_nouvelles,Réactivité,Négatif,oui
2521366,B',probleme_technique_acces,Accessibilité,Négatif,oui
6637335,B',qualite_justesse_reponse,Information/Explication,,non
3615101,B',delai_absence_nouvelles,Réactivité,Négatif,oui
837107,B',pieces_demandees,Simplicité/Complexité,Négatif,oui
5709434,B',probleme_technique_acces,Accessibilité,Négatif,oui
4953328,B',qualite_justesse_reponse,Information/Explication,Négatif,oui
3831193,B',comprehension_formulaire,Simplicité/Complexité,Négatif,oui
7473291,B',probleme_technique_acces,Accessibilité,Négatif,oui
6826478,B',delai_absence_nouvelles,Réactivité,Négatif,oui
3325858,B',probleme_technique_acces,Accessibilité,Négatif,oui
4529674,B',autre,,,n/a
4985648,B',probleme_technique_acces,Accessibilité,,non
3404818,B',comprehension_formulaire,Simplicité/Complexité,Négatif,oui
4225457,B',comprehension_formulaire,Simplicité/Complexité,Négatif,oui
4447719,B',delai_absence_nouvelles,Réactivité,Négatif,oui
5120210,B',delai_absence_nouvelles,Réactivité,Négatif,oui
3812386,B',probleme_technique_acces,Accessibilité,Négatif,oui
5339456,B',probleme_technique_acces,Accessibilité,Négatif,oui
3262061,B',probleme_technique_acces,Accessibilité,Négatif,oui
6930014,B',delai_absence_nouvelles,Réactivité,Négatif,oui
4444238,B',comprehension_formulaire,Simplicité/Complexité,Négatif,oui
3276039,B',comprehension_formulaire,Simplicité/Complexité,Négatif,oui
5067311,B',probleme_technique_acces,Accessibilité,,non
6186595,B',delai_absence_nouvelles,Réactivité,Négatif,oui
5085835,B',probleme_technique_acces,Accessibilité,,non
7494740,B',qualite_justesse_reponse,Information/Explication,Négatif,oui
5674988,B',probleme_technique_acces,Accessibilité,Négatif,oui
382830,B',probleme_technique_acces,Accessibilité,Négatif,oui
3780041,B',probleme_technique_acces,Accessibilité,Négatif,oui
311156,B',autre,,,n/a
3638153,B',qualite_justesse_reponse,Information/Explication,Négatif,oui
6763248,B',pieces_demandees,Simplicité/Complexité,Négatif,oui
6682610,B',qualite_justesse_reponse,Information/Explication,Négatif,oui
3758693,B',delai_absence_nouvelles,Réactivité,Négatif,oui
7100923,B',probleme_technique_acces,Accessibilité,Négatif,oui
5401780,B',qualite_justesse_reponse,Information/Explication,,non
7144417,B',comprehension_formulaire,Simplicité/Complexité,Négatif,oui
5114624,B',probleme_technique_acces,Accessibilité,Négatif,oui
4827263,B',probleme_technique_acces,Accessibilité,Négatif,oui
3325555,B',probleme_technique_acces,Accessibilité,Négatif,oui
271849,B',autre,,,n/a
6293610,B',probleme_technique_acces,Accessibilité,Négatif,oui
6141809,B',delai_absence_nouvelles,Réactivité,Négatif,oui
6424003,B',probleme_technique_acces,Accessibilité,Négatif,oui
4763647,B',delai_absence_nouvelles,Réactivité,Négatif,oui
7116268,B',probleme_technique_acces,Accessibilité,Négatif,oui
600413,B',probleme_technique_acces,Accessibilité,Négatif,oui
7419226,B',delai_absence_nouvelles,Réactivité,Négatif,oui
740221,B',comprehension_formulaire,Simplicité/Complexité,Négatif,oui
5252937,B',probleme_technique_acces,Accessibilité,Négatif,oui
7271024,B',delai_absence_nouvelles,Réactivité,Négatif,oui
5069361,B',comprehension_formulaire,Simplicité/Complexité,Négatif,oui
5000815,B',delai_absence_nouvelles,Réactivité,,non
4980424,B',delai_absence_nouvelles,Réactivité,,non
7268032,B',probleme_technique_acces,Accessibilité,Négatif,oui
5802441,B',probleme_technique_acces,Accessibilité,,non
6580959,B',probleme_technique_acces,Accessibilité,Négatif,oui
3675219,B',probleme_technique_acces,Accessibilité,Négatif,oui
6795944,B',probleme_technique_acces,Accessibilité,Négatif,oui
852805,B',probleme_technique_acces,Accessibilité,Négatif,oui
7274243,B',probleme_technique_acces,Accessibilité,Négatif,oui
6672471,B',probleme_technique_acces,Accessibilité,,non
3798727,B',delai_absence_nouvelles,Réactivité,Négatif,oui
7479467,B',probleme_technique_acces,Accessibilité,Négatif,oui
4685041,B',probleme_technique_acces,Accessibilité,Négatif,oui
7195948,B',delai_absence_nouvelles,Réactivité,Négatif,oui
4121246,B',delai_absence_nouvelles,Réactivité,Négatif,oui
5462504,B',qualite_justesse_reponse,Information/Explication,Négatif,oui
664511,B',delai_absence_nouvelles,Réactivité,Négatif,oui
5628207,B',qualite_justesse_reponse,Information/Explication,Négatif,oui
389542,B',delai_absence_nouvelles,Réactivité,,non
