id,motif_original,motif_aveugle,accord
6721457,probleme_technique_acces,probleme_technique_acces,oui
4836045,qualite_justesse_reponse,comprehension_formulaire,non
4417316,comprehension_formulaire,comprehension_formulaire,oui
6228968,delai_absence_nouvelles,delai_absence_nouvelles,oui
6464103,probleme_technique_acces,probleme_technique_acces,oui
7294883,delai_absence_nouvelles,delai_absence_nouvelles,oui
5536107,probleme_technique_acces,probleme_technique_acces,oui
7271024,delai_absence_nouvelles,delai_absence_nouvelles,oui
6233234,delai_absence_nouvelles,delai_absence_nouvelles,oui
3736645,probleme_technique_acces,probleme_technique_acces,oui
4502504,delai_absence_nouvelles,delai_absence_nouvelles,oui
4409411,probleme_technique_acces,probleme_technique_acces,oui
5622290,delai_absence_nouvelles,delai_absence_nouvelles,oui
2949665,qualite_justesse_reponse,qualite_justesse_reponse,oui
5640501,delai_absence_nouvelles,delai_absence_nouvelles,oui
311156,autre,probleme_technique_acces,non
5031016,delai_absence_nouvelles,delai_absence_nouvelles,oui
6795944,probleme_technique_acces,probleme_technique_acces,oui
6870963,comprehension_formulaire,autre,non
6754628,probleme_technique_acces,probleme_technique_acces,oui
7348011,probleme_technique_acces,probleme_technique_acces,oui
2521366,probleme_technique_acces,probleme_technique_acces,oui
6705254,delai_absence_nouvelles,qualite_justesse_reponse,non
5217070,delai_absence_nouvelles,delai_absence_nouvelles,oui
5869659,delai_absence_nouvelles,delai_absence_nouvelles,oui
5242674,probleme_technique_acces,probleme_technique_acces,oui
3102138,delai_absence_nouvelles,delai_absence_nouvelles,oui
6316186,delai_absence_nouvelles,delai_absence_nouvelles,oui
7527007,pieces_demandees,pieces_demandees,oui
3775123,probleme_technique_acces,probleme_technique_acces,oui
6752096,delai_absence_nouvelles,delai_absence_nouvelles,oui
3920598,comprehension_formulaire,probleme_technique_acces,non
5582000,probleme_technique_acces,probleme_technique_acces,oui
6584521,delai_absence_nouvelles,delai_absence_nouvelles,oui
3798658,qualite_justesse_reponse,qualite_justesse_reponse,oui
3831193,comprehension_formulaire,comprehension_formulaire,oui
7116268,probleme_technique_acces,probleme_technique_acces,oui
6069893,delai_absence_nouvelles,delai_absence_nouvelles,oui
7331919,qualite_justesse_reponse,qualite_justesse_reponse,oui
6528480,delai_absence_nouvelles,delai_absence_nouvelles,oui
4980424,delai_absence_nouvelles,delai_absence_nouvelles,oui
7468767,probleme_technique_acces,probleme_technique_acces,oui
3298454,probleme_technique_acces,comprehension_formulaire,non
4121246,delai_absence_nouvelles,delai_absence_nouvelles,oui
4750423,delai_absence_nouvelles,delai_absence_nouvelles,oui
5410222,delai_absence_nouvelles,delai_absence_nouvelles,oui
7500991,pieces_demandees,pieces_demandees,oui
5435291,delai_absence_nouvelles,delai_absence_nouvelles,oui
6709326,delai_absence_nouvelles,delai_absence_nouvelles,oui
6800030,probleme_technique_acces,probleme_technique_acces,oui
837107,pieces_demandees,pieces_demandees,oui
4655137,delai_absence_nouvelles,delai_absence_nouvelles,oui
5505102,delai_absence_nouvelles,delai_absence_nouvelles,oui
4955861,qualite_justesse_reponse,qualite_justesse_reponse,oui
5334621,probleme_technique_acces,probleme_technique_acces,oui
4500079,delai_absence_nouvelles,delai_absence_nouvelles,oui
7431569,autre,autre,oui
5105094,probleme_technique_acces,probleme_technique_acces,oui
6727850,delai_absence_nouvelles,delai_absence_nouvelles,oui
4763647,delai_absence_nouvelles,delai_absence_nouvelles,oui
