annee,motif,n_annee,n_motif,pct
2021,comprehension_formulaire,11,0,0.0
2021,pieces_demandees,11,0,0.0
2021,probleme_technique_acces,11,4,36.4
2021,delai_absence_nouvelles,11,5,45.5
2021,qualite_justesse_reponse,11,1,9.1
2021,autre,11,1,9.1
2022,comprehension_formulaire,21,1,4.8
2022,pieces_demandees,21,0,0.0
2022,probleme_technique_acces,21,2,9.5
2022,delai_absence_nouvelles,21,13,61.9
2022,qualite_justesse_reponse,21,4,19.0
2022,autre,21,1,4.8
2023,comprehension_formulaire,63,0,0.0
2023,pieces_demandees,63,3,4.8
2023,probleme_technique_acces,63,19,30.2
2023,delai_absence_nouvelles,63,29,46.0
2023,qualite_justesse_reponse,63,10,15.9
2023,autre,63,2,3.2
2024,comprehension_formulaire,112,3,2.7
2024,pieces_demandees,112,3,2.7
2024,probleme_technique_acces,112,20,17.9
2024,delai_absence_nouvelles,112,73,65.2
2024,qualite_justesse_reponse,112,9,8.0
2024,autre,112,4,3.6
2025,comprehension_formulaire,222,6,2.7
2025,pieces_demandees,222,6,2.7
2025,probleme_technique_acces,222,35,15.8
2025,delai_absence_nouvelles,222,154,69.4
2025,qualite_justesse_reponse,222,20,9.0
2025,autre,222,1,0.5
2026,comprehension_formulaire,131,2,1.5
2026,pieces_demandees,131,2,1.5
2026,probleme_technique_acces,131,19,14.5
2026,delai_absence_nouvelles,131,95,72.5
2026,qualite_justesse_reponse,131,10,7.6
2026,autre,131,3,2.3
