population,annee,n,n_negatif,pct_negatif,ic95_bas,ic95_haut
A,2021,13,11,84.6,57.8,95.7
A,2022,29,21,72.4,54.3,85.3
A,2023,74,63,85.1,75.3,91.5
A,2024,126,112,88.9,82.2,93.3
A,2025,260,222,85.4,80.6,89.2
A,2026,174,131,75.3,68.4,81.1
B',2019,241,164,68.0,61.9,73.6
B',2020,430,348,80.9,76.9,84.4
B',2021,3754,2913,77.6,76.2,78.9
B',2022,12613,9824,77.9,77.2,78.6
B',2023,18369,15080,82.1,81.5,82.6
B',2024,29145,21204,72.8,72.2,73.3
B',2025,33628,22233,66.1,65.6,66.6
B',2026,22294,14539,65.2,64.6,65.8
A,cumul,676,560,82.8,79.8,85.5
B',cumul,120474,86305,71.6,71.4,71.9
