population,annee,n,pct_avec_reponse,pct_en_attente,delai_q1,delai_median,delai_q3,n_avec_delai_connu
A,2021,13,69.2,30.8,2,7,815,9
A,2022,29,69.0,31.0,2,25,78,20
A,2023,74,74.3,25.7,2,18,69,55
A,2024,126,81.7,19.0,2,10,42,103
A,2025,260,77.7,22.3,1,3,8,202
A,2026,174,71.8,28.2,1,3,8,125
A,cumul,676,76.0,24.1,1,4,17,514
B',2019,241,87.1,14.1,3,8,18,210
B',2020,430,76.3,24.2,2,5,13,328
B',2021,3754,82.3,17.8,2,7,21,3090
B',2022,12613,84.4,15.7,2,7,29,10643
B',2023,18369,85.7,14.3,1,4,15,15740
B',2024,29145,82.0,18.1,1,4,12,23905
B',2025,33628,82.1,17.9,1,3,6,27622
B',2026,22294,81.5,18.5,1,2,6,18171
B',cumul,120474,82.8,17.3,1,3,10,99709
